<environmentvariabledefinition schemaname="andy_PublisherID">
  <description default="ID for the Publisher to be used in PPM Solution">
    <label description="ID for the Publisher to be used in PPM Solution" languagecode="1033" />
  </description>
  <displayname default="Publisher ID">
    <label description="Publisher ID" languagecode="1033" />
  </displayname>
  <introducedversion>1.0.0.8</introducedversion>
  <iscustomizable>1</iscustomizable>
  <isrequired>0</isrequired>
  <secretstore>0</secretstore>
  <type>100000000</type>
</environmentvariabledefinition>