{
  "properties": {
    "connectionReferences": {
      "shared_commondataserviceforapps": {
        "runtimeSource": "embedded",
        "connection": {
          "connectionReferenceLogicalName": "andy_sharedcommondataserviceforapps_865f5"
        },
        "api": {
          "name": "shared_commondataserviceforapps"
        }
      },
      "shared_approvals": {
        "runtimeSource": "embedded",
        "connection": {
          "connectionReferenceLogicalName": "andy_sharedapprovals_c8b34"
        },
        "api": {
          "name": "shared_approvals"
        }
      },
      "shared_office365": {
        "runtimeSource": "embedded",
        "connection": {
          "connectionReferenceLogicalName": "andy_sharedoffice365_171bf"
        },
        "api": {
          "name": "shared_office365"
        }
      }
    },
    "definition": {
      "$schema": "https://schema.management.azure.com/providers/Microsoft.Logic/schemas/2016-06-01/workflowdefinition.json#",
      "contentVersion": "1.0.0.0",
      "parameters": {
        "$connections": {
          "defaultValue": {},
          "type": "Object"
        },
        "$authentication": {
          "defaultValue": {},
          "type": "SecureObject"
        },
        "Production Pipeline Environment  (andy_ProductionPipelineEnvironment)": {
          "defaultValue": "https://andworx-production.crm.dynamics.com/",
          "type": "String",
          "metadata": {
            "schemaName": "andy_ProductionPipelineEnvironment",
            "description": "The production environment to be used by the pipeline"
          }
        }
      },
      "triggers": {
        "When_an_action_is_performed": {
          "metadata": {
            "operationMetadataId": "2335978c-278c-4ef2-a41c-b0983d1535b4"
          },
          "type": "OpenApiConnectionWebhook",
          "inputs": {
            "host": {
              "connectionName": "shared_commondataserviceforapps",
              "operationId": "BusinessEventsTrigger",
              "apiId": "/providers/Microsoft.PowerApps/apis/shared_commondataserviceforapps"
            },
            "parameters": {
              "catalog": "commoncatalog",
              "category": "powerplatformpipelines",
              "subscriptionRequest/entityname": "none",
              "subscriptionRequest/sdkmessagename": "OnPreDeploymentStarted"
            },
            "authentication": "@parameters('$authentication')"
          }
        }
      },
      "actions": {
        "Initialize_variable_-_varLeadsEmail": {
          "runAfter": {},
          "metadata": {
            "operationMetadataId": "7094646b-cba9-48e3-9768-fbd26981bd2c"
          },
          "type": "InitializeVariable",
          "inputs": {
            "variables": [
              {
                "name": "varLeadsEmail",
                "type": "string"
              }
            ]
          }
        },
        "Initialize_variable_-_varCustomerEmail": {
          "runAfter": {
            "Initialize_variable_-_varLeadsEmail": [
              "Succeeded"
            ]
          },
          "metadata": {
            "operationMetadataId": "40588469-dfba-4d9a-8bbc-c52410cf37eb"
          },
          "type": "InitializeVariable",
          "inputs": {
            "variables": [
              {
                "name": "varCustomerEmail",
                "type": "string"
              }
            ]
          }
        },
        "Scope_-_Deployment_Information": {
          "actions": {
            "Get_a_row_by_ID_-_Get_Deployment_Run_Information": {
              "runAfter": {},
              "metadata": {
                "operationMetadataId": "6634ab49-787c-46a6-a65c-ecf239276294"
              },
              "type": "OpenApiConnection",
              "inputs": {
                "host": {
                  "connectionName": "shared_commondataserviceforapps",
                  "operationId": "GetItem",
                  "apiId": "/providers/Microsoft.PowerApps/apis/shared_commondataserviceforapps"
                },
                "parameters": {
                  "entityName": "deploymentstageruns",
                  "recordId": "@triggerOutputs()?['body/InputParameters/StageRunId']"
                },
                "authentication": "@parameters('$authentication')"
              }
            },
            "Get_a_row_by_ID_-_Requestors_Information": {
              "runAfter": {
                "Get_a_row_by_ID_-_Get_Deployment_Run_Information": [
                  "Succeeded"
                ]
              },
              "metadata": {
                "operationMetadataId": "d6e6114e-96ca-404d-b2c8-879b1ee1f8ae"
              },
              "type": "OpenApiConnection",
              "inputs": {
                "host": {
                  "connectionName": "shared_commondataserviceforapps",
                  "operationId": "GetItem",
                  "apiId": "/providers/Microsoft.PowerApps/apis/shared_commondataserviceforapps"
                },
                "parameters": {
                  "entityName": "systemusers",
                  "recordId": "@outputs('Get_a_row_by_ID_-_Get_Deployment_Run_Information')?['body/_createdby_value']"
                },
                "authentication": "@parameters('$authentication')"
              }
            },
            "List_rows_-_Deployment_Environment_": {
              "runAfter": {
                "Get_a_row_by_ID_-_Requestors_Information": [
                  "Succeeded"
                ]
              },
              "metadata": {
                "operationMetadataId": "d8575c64-72f0-4a60-8fb6-65cd80a2139c"
              },
              "type": "OpenApiConnection",
              "inputs": {
                "host": {
                  "connectionName": "shared_commondataserviceforapps",
                  "operationId": "ListRecords",
                  "apiId": "/providers/Microsoft.PowerApps/apis/shared_commondataserviceforapps"
                },
                "parameters": {
                  "entityName": "deploymentenvironments",
                  "$filter": "environmentid eq @{outputs('Get_a_row_by_ID_-_Get_Deployment_Run_Information')?['body/targetenvironmentid']}"
                },
                "authentication": "@parameters('$authentication')"
              }
            },
            "Set_variable_-_varTargetEnvName": {
              "runAfter": {
                "List_rows_-_Deployment_Environment_": [
                  "Succeeded"
                ]
              },
              "metadata": {
                "operationMetadataId": "98101f37-518b-4318-b84c-91f76a139215"
              },
              "type": "SetVariable",
              "inputs": {
                "name": "varTargetEnvName",
                "value": "@{outputs('List_rows_-_Deployment_Environment_')?['body']?['value'][0]?['name']}"
              }
            }
          },
          "runAfter": {
            "Initialize_variable_-_varTargetEnvName": [
              "Succeeded"
            ]
          },
          "metadata": {
            "operationMetadataId": "afdbdb89-ebbe-4426-be41-758e4e66eda6"
          },
          "type": "Scope"
        },
        "Scope_-_Get_Solution_Info": {
          "actions": {
            "List_rows_from_selected_environment_-_Production_Power_Platform_Projects": {
              "runAfter": {},
              "metadata": {
                "operationMetadataId": "f1768e0b-bddd-4f34-b620-f7136958ebaf"
              },
              "type": "OpenApiConnection",
              "inputs": {
                "host": {
                  "connectionName": "shared_commondataserviceforapps",
                  "operationId": "ListRecordsWithOrganization",
                  "apiId": "/providers/Microsoft.PowerApps/apis/shared_commondataserviceforapps"
                },
                "parameters": {
                  "organization": "@parameters('Production Pipeline Environment  (andy_ProductionPipelineEnvironment)')",
                  "entityName": "andy_powerplatformprojectses",
                  "$filter": "andy_developmentsolutionid eq '@{triggerOutputs()?['body/OutputParameters/ArtifactName']}'"
                },
                "authentication": "@parameters('$authentication')"
              }
            },
            "Scope_-_Leads_Info": {
              "actions": {
                "Get_a_row_by_ID_from_selected_environment_-_Production_Users": {
                  "runAfter": {},
                  "metadata": {
                    "operationMetadataId": "102b94cf-027a-43a2-837f-920ea00eb4be"
                  },
                  "type": "OpenApiConnection",
                  "inputs": {
                    "host": {
                      "connectionName": "shared_commondataserviceforapps",
                      "operationId": "GetItemWithOrganization",
                      "apiId": "/providers/Microsoft.PowerApps/apis/shared_commondataserviceforapps"
                    },
                    "parameters": {
                      "organization": "@parameters('Production Pipeline Environment  (andy_ProductionPipelineEnvironment)')",
                      "entityName": "aadusers",
                      "recordId": "@outputs('List_rows_from_selected_environment_-_Production_Power_Platform_Projects')?['body']?['value'][0]?['_andy_projectlead_value']"
                    },
                    "authentication": "@parameters('$authentication')"
                  }
                },
                "Set_variable_-_varLeadsEmail": {
                  "runAfter": {
                    "Get_a_row_by_ID_from_selected_environment_-_Production_Users": [
                      "Succeeded"
                    ]
                  },
                  "metadata": {
                    "operationMetadataId": "e8d4aa00-105b-4155-8a7e-eb49d1761a96"
                  },
                  "type": "SetVariable",
                  "inputs": {
                    "name": "varLeadsEmail",
                    "value": "@outputs('Get_a_row_by_ID_from_selected_environment_-_Production_Users')?['body/mail']"
                  }
                }
              },
              "runAfter": {
                "List_rows_from_selected_environment_-_Production_Power_Platform_Projects": [
                  "Succeeded"
                ]
              },
              "metadata": {
                "operationMetadataId": "92a74dde-6247-4ffa-9509-bd68ad4dca96"
              },
              "type": "Scope"
            },
            "Scope_-_Customer_Info": {
              "actions": {
                "Get_a_row_by_ID_from_selected_environment_-_Production_Contacts": {
                  "runAfter": {},
                  "metadata": {
                    "operationMetadataId": "25ce381c-ffdf-40b1-8151-f8e0206a263e"
                  },
                  "type": "OpenApiConnection",
                  "inputs": {
                    "host": {
                      "connectionName": "shared_commondataserviceforapps",
                      "operationId": "GetItemWithOrganization",
                      "apiId": "/providers/Microsoft.PowerApps/apis/shared_commondataserviceforapps"
                    },
                    "parameters": {
                      "organization": "@parameters('Production Pipeline Environment  (andy_ProductionPipelineEnvironment)')",
                      "entityName": "contacts",
                      "recordId": "@outputs('List_rows_from_selected_environment_-_Production_Power_Platform_Projects')?['body']?['value'][0]?['_andy_projectcustomer_value']"
                    },
                    "authentication": "@parameters('$authentication')"
                  }
                },
                "Set_variable_-_varCustomerEmail": {
                  "runAfter": {
                    "Get_a_row_by_ID_from_selected_environment_-_Production_Contacts": [
                      "Succeeded"
                    ]
                  },
                  "metadata": {
                    "operationMetadataId": "868eeeb9-d12d-47b5-ab6f-ca3dd0907fd0"
                  },
                  "type": "SetVariable",
                  "inputs": {
                    "name": "varCustomerEmail",
                    "value": "@outputs('Get_a_row_by_ID_from_selected_environment_-_Production_Contacts')?['body/emailaddress1']"
                  }
                }
              },
              "runAfter": {
                "List_rows_from_selected_environment_-_Production_Power_Platform_Projects": [
                  "Succeeded"
                ]
              },
              "metadata": {
                "operationMetadataId": "66f244ee-30af-46bf-b91b-7d8cac360fb0"
              },
              "type": "Scope"
            }
          },
          "runAfter": {
            "Scope_-_Deployment_Information": [
              "Succeeded"
            ]
          },
          "metadata": {
            "operationMetadataId": "93069932-2ef1-48f5-9dc5-234bb88bf45d"
          },
          "type": "Scope"
        },
        "Scope_-_Approval_Start": {
          "actions": {
            "Scope_-_Approval_Creation": {
              "actions": {
                "Start_and_wait_for_an_approval": {
                  "runAfter": {},
                  "metadata": {
                    "operationMetadataId": "64119d9a-a032-416b-9f08-76c6ef324ee7"
                  },
                  "type": "OpenApiConnectionWebhook",
                  "inputs": {
                    "host": {
                      "connectionName": "shared_approvals",
                      "operationId": "StartAndWaitForAnApproval",
                      "apiId": "/providers/Microsoft.PowerApps/apis/shared_approvals"
                    },
                    "parameters": {
                      "approvalType": "Basic",
                      "WebhookApprovalCreationInput/title": "Request to push @{outputs('List_rows_from_selected_environment_-_Production_Power_Platform_Projects')?['body']?['value'][0]?['andy_projectname']} to @{variables('varTargetEnvName')}",
                      "WebhookApprovalCreationInput/assignedTo": "@{variables('varLeadsEmail')};",
                      "WebhookApprovalCreationInput/details": "A Request to push a solution to production has been made\n\n##Deployment Details\n*Solution Name\n*Requestor\n*Description\n*Notes",
                      "WebhookApprovalCreationInput/enableNotifications": true,
                      "WebhookApprovalCreationInput/enableReassignment": true
                    },
                    "authentication": "@parameters('$authentication')"
                  }
                },
                "Condition": {
                  "actions": {
                    "Perform_an_unbound_action_-_Approve_Push_to_Production": {
                      "runAfter": {},
                      "metadata": {
                        "operationMetadataId": "9dca43e8-4c86-4358-abfe-881a63e36eb6"
                      },
                      "type": "OpenApiConnection",
                      "inputs": {
                        "host": {
                          "connectionName": "shared_commondataserviceforapps",
                          "operationId": "PerformUnboundAction",
                          "apiId": "/providers/Microsoft.PowerApps/apis/shared_commondataserviceforapps"
                        },
                        "parameters": {
                          "actionName": "UpdatePreDeploymentStepStatus",
                          "item/PreDeploymentStepStatus": 20,
                          "item/StageRunId": "@triggerOutputs()?['body/InputParameters/StageRunId']"
                        },
                        "authentication": "@parameters('$authentication')"
                      }
                    }
                  },
                  "runAfter": {
                    "Start_and_wait_for_an_approval": [
                      "Succeeded"
                    ]
                  },
                  "else": {
                    "actions": {
                      "Perform_an_unbound_action_-_Deny_Push_to_Production": {
                        "runAfter": {},
                        "metadata": {
                          "operationMetadataId": "564da7da-4ae3-4660-89b1-582059c57937"
                        },
                        "type": "OpenApiConnection",
                        "inputs": {
                          "host": {
                            "connectionName": "shared_commondataserviceforapps",
                            "operationId": "PerformUnboundAction",
                            "apiId": "/providers/Microsoft.PowerApps/apis/shared_commondataserviceforapps"
                          },
                          "parameters": {
                            "actionName": "UpdatePreDeploymentStepStatus",
                            "item/PreDeploymentStepStatus": 30,
                            "item/StageRunId": "@triggerOutputs()?['body/InputParameters/StageRunId']"
                          },
                          "authentication": "@parameters('$authentication')"
                        }
                      }
                    }
                  },
                  "expression": {
                    "equals": [
                      "@outputs('Start_and_wait_for_an_approval')?['body/outcome']",
                      "Approve"
                    ]
                  },
                  "metadata": {
                    "operationMetadataId": "71f1a90a-467f-4d68-a693-03b95f0f8ec3"
                  },
                  "type": "If"
                }
              },
              "runAfter": {},
              "metadata": {
                "operationMetadataId": "f4c5ee05-4dfd-42f3-8508-340b92236c2c"
              },
              "type": "Scope"
            },
            "Send_an_email_(V2)_-_Email_requestor_with_outcome": {
              "runAfter": {
                "Scope_-_Approval_Creation": [
                  "Succeeded"
                ]
              },
              "metadata": {
                "operationMetadataId": "6ed21748-0054-416e-8436-e278133efca8"
              },
              "type": "OpenApiConnection",
              "inputs": {
                "host": {
                  "connectionName": "shared_office365",
                  "operationId": "SendEmailV2",
                  "apiId": "/providers/Microsoft.PowerApps/apis/shared_office365"
                },
                "parameters": {
                  "emailMessage/To": "@outputs('Get_a_row_by_ID_-_Requestors_Information')?['body/internalemailaddress']",
                  "emailMessage/Subject": "Your equest to push solution X to @{variables('varTargetEnvName')} has been @{outputs('Start_and_wait_for_an_approval')?['body/outcome']}",
                  "emailMessage/Body": "<p>Your request to push Solution X to production has been @{outputs('Start_and_wait_for_an_approval')?['body/outcome']}</p>",
                  "emailMessage/Importance": "Normal"
                },
                "authentication": "@parameters('$authentication')"
              }
            }
          },
          "runAfter": {
            "Scope_-_Get_Solution_Info": [
              "Succeeded"
            ]
          },
          "metadata": {
            "operationMetadataId": "8e9c046a-87f0-41aa-9a85-e46574c76daa"
          },
          "type": "Scope"
        },
        "Scope_-_Solution_not_in_Register": {
          "actions": {
            "Send_an_email_(V2)_-_If_the_solution_is_not_in_the_register": {
              "runAfter": {},
              "metadata": {
                "operationMetadataId": "c925f77b-ec96-44b8-99e0-9c64a4bd6bb3"
              },
              "type": "OpenApiConnection",
              "inputs": {
                "host": {
                  "connectionName": "shared_office365",
                  "operationId": "SendEmailV2",
                  "apiId": "/providers/Microsoft.PowerApps/apis/shared_office365"
                },
                "parameters": {
                  "emailMessage/To": "@outputs('Get_a_row_by_ID_-_Requestors_Information')?['body/internalemailaddress']",
                  "emailMessage/Subject": "Your request to push solution X to Y can not be completed",
                  "emailMessage/Body": "<p>Solution X is not in the solution register. Please get with your team lead to have it added.&nbsp;</p>",
                  "emailMessage/Importance": "Normal"
                },
                "authentication": "@parameters('$authentication')"
              }
            }
          },
          "runAfter": {
            "Scope_-_Get_Solution_Info": [
              "Failed"
            ]
          },
          "metadata": {
            "operationMetadataId": "654b76d9-f743-465e-a0f6-464a74d2bc8f"
          },
          "type": "Scope"
        },
        "Initialize_variable_-_varTargetEnvName": {
          "runAfter": {
            "Initialize_variable_-_varCustomerEmail": [
              "Succeeded"
            ]
          },
          "metadata": {
            "operationMetadataId": "b4bf7120-483e-4817-a1c5-a554e4d712a3"
          },
          "type": "InitializeVariable",
          "inputs": {
            "variables": [
              {
                "name": "varTargetEnvName",
                "type": "string"
              }
            ]
          }
        }
      },
      "outputs": {}
    },
    "templateName": ""
  },
  "schemaVersion": "1.0.0.0"
}