<environmentvariabledefinition schemaname="andy_DataverseDevelopmentEnvironmentID">
  <description default="ID of the dev env">
    <label description="ID of the dev env" languagecode="1033" />
  </description>
  <displayname default="Dataverse Development Environment ID">
    <label description="Dataverse Development Environment ID" languagecode="1033" />
  </displayname>
  <introducedversion>1.0.0.9</introducedversion>
  <iscustomizable>1</iscustomizable>
  <isrequired>0</isrequired>
  <secretstore>0</secretstore>
  <type>100000000</type>
</environmentvariabledefinition>