{
  "properties": {
    "connectionReferences": {
      "shared_commondataserviceforapps": {
        "runtimeSource": "embedded",
        "connection": {
          "connectionReferenceLogicalName": "andy_sharedcommondataserviceforapps_19665"
        },
        "api": {
          "name": "shared_commondataserviceforapps"
        }
      },
      "shared_office365users": {
        "runtimeSource": "embedded",
        "connection": {
          "connectionReferenceLogicalName": "andy_sharedoffice365users_a849f"
        },
        "api": {
          "name": "shared_office365users"
        }
      },
      "shared_approvals": {
        "runtimeSource": "embedded",
        "connection": {
          "connectionReferenceLogicalName": "andy_sharedapprovals_df966"
        },
        "api": {
          "name": "shared_approvals"
        }
      }
    },
    "definition": {
      "$schema": "https://schema.management.azure.com/providers/Microsoft.Logic/schemas/2016-06-01/workflowdefinition.json#",
      "contentVersion": "1.0.0.0",
      "parameters": {
        "$connections": {
          "defaultValue": {},
          "type": "Object"
        },
        "$authentication": {
          "defaultValue": {},
          "type": "SecureObject"
        }
      },
      "triggers": {
        "When_a_row_is_added,_modified_or_deleted_-_Power_Platform_Projects": {
          "metadata": {
            "operationMetadataId": "339e7431-62ad-4712-8433-c3b06097ded4"
          },
          "type": "OpenApiConnectionWebhook",
          "inputs": {
            "host": {
              "connectionName": "shared_commondataserviceforapps",
              "operationId": "SubscribeWebhookTrigger",
              "apiId": "/providers/Microsoft.PowerApps/apis/shared_commondataserviceforapps"
            },
            "parameters": {
              "subscriptionRequest/message": 1,
              "subscriptionRequest/entityname": "andy_powerplatformprojects",
              "subscriptionRequest/scope": 4
            },
            "authentication": "@parameters('$authentication')"
          }
        }
      },
      "actions": {
        "Initialize_variable_-_varUsersArray": {
          "runAfter": {
            "Parse_JSON_-_Power_Platform_Projects": [
              "Succeeded"
            ]
          },
          "metadata": {
            "operationMetadataId": "8727e603-a2b9-49b1-adbf-11b91c3bef65"
          },
          "type": "InitializeVariable",
          "inputs": {
            "variables": [
              {
                "name": "varUsersArray",
                "type": "array"
              }
            ]
          }
        },
        "Scope_-_Get_User": {
          "actions": {
            "List_rows_-_Power_Platform_Project_Approvers": {
              "runAfter": {},
              "metadata": {
                "operationMetadataId": "36537251-7123-44bf-af8a-138b0ec8eac1"
              },
              "type": "OpenApiConnection",
              "inputs": {
                "host": {
                  "connectionName": "shared_commondataserviceforapps",
                  "operationId": "ListRecords",
                  "apiId": "/providers/Microsoft.PowerApps/apis/shared_commondataserviceforapps"
                },
                "parameters": {
                  "entityName": "andy_powerplatformprojectapproverses",
                  "$filter": "(andy_role eq 435700000)"
                },
                "authentication": "@parameters('$authentication')"
              }
            },
            "Apply_to_each_-_varUsersArray": {
              "foreach": "@outputs('List_rows_-_Power_Platform_Project_Approvers')?['body/value']",
              "actions": {
                "Append_to_array_variable_-_varUsersArray": {
                  "runAfter": {},
                  "metadata": {
                    "operationMetadataId": "d3c83739-667b-45e4-bf29-5f304841a599"
                  },
                  "type": "AppendToArrayVariable",
                  "inputs": {
                    "name": "varUsersArray",
                    "value": {
                      "user": "@items('Apply_to_each_-_varUsersArray')?['_andy_poc_value']"
                    }
                  }
                }
              },
              "runAfter": {
                "List_rows_-_Power_Platform_Project_Approvers": [
                  "Succeeded"
                ]
              },
              "metadata": {
                "operationMetadataId": "4ec97b51-d624-4130-b659-a4ce0a5f68e4"
              },
              "type": "Foreach"
            },
            "Parse_JSON": {
              "runAfter": {
                "Apply_to_each_-_varUsersArray": [
                  "Succeeded"
                ]
              },
              "metadata": {
                "operationMetadataId": "6776847d-88a3-4e77-be26-c3ef941af93c"
              },
              "type": "ParseJson",
              "inputs": {
                "content": "@variables('varUsersArray')",
                "schema": {
                  "type": "array",
                  "items": {
                    "type": "object",
                    "properties": {
                      "user": {
                        "type": "string"
                      }
                    },
                    "required": [
                      "user"
                    ]
                  }
                }
              }
            },
            "Apply_to_each_-_Entra_ID_Lookup": {
              "foreach": "@body('Parse_JSON')",
              "actions": {
                "Get_user_profile_(V2)": {
                  "runAfter": {},
                  "metadata": {
                    "operationMetadataId": "ac6b58f7-a659-40be-8b66-d8c1531983e9"
                  },
                  "type": "OpenApiConnection",
                  "inputs": {
                    "host": {
                      "connectionName": "shared_office365users",
                      "operationId": "UserProfile_V2",
                      "apiId": "/providers/Microsoft.PowerApps/apis/shared_office365users"
                    },
                    "parameters": {
                      "id": "@items('Apply_to_each_-_Entra_ID_Lookup')['user']"
                    },
                    "authentication": "@parameters('$authentication')"
                  }
                },
                "Append_to_string_variable_-_varEmails": {
                  "runAfter": {
                    "Get_user_profile_(V2)": [
                      "Succeeded"
                    ]
                  },
                  "metadata": {
                    "operationMetadataId": "6b0c0567-4a88-40a1-ace3-b5b7356743a5"
                  },
                  "type": "AppendToStringVariable",
                  "inputs": {
                    "name": "varEmails",
                    "value": "@{outputs('Get_user_profile_(V2)')?['body/mail']};"
                  }
                }
              },
              "runAfter": {
                "Parse_JSON": [
                  "Succeeded"
                ]
              },
              "metadata": {
                "operationMetadataId": "d40fdc3e-618a-421c-b8a2-e7e23925ce90"
              },
              "type": "Foreach"
            }
          },
          "runAfter": {
            "Initialize_variable_-_varEmails": [
              "Succeeded"
            ]
          },
          "metadata": {
            "operationMetadataId": "2b05d7a2-3e76-43db-b5c0-0d5db5233256"
          },
          "type": "Scope"
        },
        "Initialize_variable_-_varEmails": {
          "runAfter": {
            "Initialize_variable_-_varUsersArray": [
              "Succeeded"
            ]
          },
          "metadata": {
            "operationMetadataId": "9f24dc93-608e-4fdf-a849-8e9816dadc8c"
          },
          "type": "InitializeVariable",
          "inputs": {
            "variables": [
              {
                "name": "varEmails",
                "type": "string"
              }
            ]
          }
        },
        "Scope_-_Approval": {
          "actions": {
            "Update_a_row_-_Projects": {
              "runAfter": {
                "Create_an_approval": [
                  "Succeeded"
                ]
              },
              "metadata": {
                "operationMetadataId": "fc3518d5-0819-48b4-b600-5826c643042c"
              },
              "type": "OpenApiConnection",
              "inputs": {
                "host": {
                  "connectionName": "shared_commondataserviceforapps",
                  "operationId": "UpdateRecord",
                  "apiId": "/providers/Microsoft.PowerApps/apis/shared_commondataserviceforapps"
                },
                "parameters": {
                  "entityName": "andy_powerplatformprojectses",
                  "recordId": "@triggerOutputs()?['body/andy_powerplatformprojectsid']",
                  "item/andy_TeamLeadApproval@odata.bind": "msdyn_flow_approvals(@{outputs('Create_an_approval')?['body/name']})"
                },
                "authentication": "@parameters('$authentication')"
              }
            },
            "Update_a_row_-_Approvals": {
              "runAfter": {
                "Create_an_approval": [
                  "Succeeded"
                ]
              },
              "metadata": {
                "operationMetadataId": "ffc5f2ae-9481-4f88-a09e-a3e495a7c962"
              },
              "type": "OpenApiConnection",
              "inputs": {
                "host": {
                  "connectionName": "shared_commondataserviceforapps",
                  "operationId": "UpdateRecord",
                  "apiId": "/providers/Microsoft.PowerApps/apis/shared_commondataserviceforapps"
                },
                "parameters": {
                  "entityName": "msdyn_flow_approvals",
                  "recordId": "@outputs('Create_an_approval')?['body/name']",
                  "item/msdyn_flow_approval_name": "@outputs('Create_an_approval')?['body/title']"
                },
                "authentication": "@parameters('$authentication')"
              }
            },
            "Create_an_approval": {
              "runAfter": {
                "Scope_-_Get_Users_Info": [
                  "Succeeded"
                ]
              },
              "metadata": {
                "operationMetadataId": "2668439a-8516-4c7a-8254-3985ff5cc760"
              },
              "type": "OpenApiConnection",
              "inputs": {
                "host": {
                  "connectionName": "shared_approvals",
                  "operationId": "CreateAnApproval",
                  "apiId": "/providers/Microsoft.PowerApps/apis/shared_approvals"
                },
                "parameters": {
                  "approvalType": "Basic",
                  "ApprovalCreationInput/title": "Approval Request for @{triggerOutputs()?['body/andy_projectname']}",
                  "ApprovalCreationInput/assignedTo": "@{variables('varEmails')};",
                  "ApprovalCreationInput/details": "\n# Requested from @{outputs('Get_a_row_by_ID_-_Submitted_By')?['body/fullname']}\n\n# Project Details\nThis is to be a @{body('Parse_JSON_-_Power_Platform_Projects')?['_andy_isthissolutionpermeantortemporary_label']} solution\nIt is being requested for @{outputs('Get_a_row_by_ID_-_Customer')?['body/fullname']}\nThe Project Lead is @{outputs('Get_user_profile_(V2)_-_Project_Lead')?['body/displayName']}\nThe Project needs to be deliverd no later then @{triggerOutputs()?['body/andy_whendoesthesolutionneedtobedelivered']}\n\n",
                  "ApprovalCreationInput/enableNotifications": true,
                  "ApprovalCreationInput/enableReassignment": false
                },
                "authentication": "@parameters('$authentication')"
              }
            },
            "Scope_-_Get_Users_Info": {
              "actions": {
                "Get_user_profile_(V2)_-_Project_Lead": {
                  "runAfter": {
                    "Get_a_row_by_ID_-_Customer": [
                      "Succeeded"
                    ]
                  },
                  "metadata": {
                    "operationMetadataId": "e0b8b70b-6615-40e1-935d-86365a3fe01f"
                  },
                  "type": "OpenApiConnection",
                  "inputs": {
                    "host": {
                      "connectionName": "shared_office365users",
                      "operationId": "UserProfile_V2",
                      "apiId": "/providers/Microsoft.PowerApps/apis/shared_office365users"
                    },
                    "parameters": {
                      "id": "@triggerOutputs()?['body/_andy_projectlead_value']"
                    },
                    "authentication": "@parameters('$authentication')"
                  }
                },
                "Get_a_row_by_ID_-_Submitted_By": {
                  "runAfter": {},
                  "metadata": {
                    "operationMetadataId": "bdd773e5-f36a-4f5f-956f-0f53813226a4"
                  },
                  "type": "OpenApiConnection",
                  "inputs": {
                    "host": {
                      "connectionName": "shared_commondataserviceforapps",
                      "operationId": "GetItem",
                      "apiId": "/providers/Microsoft.PowerApps/apis/shared_commondataserviceforapps"
                    },
                    "parameters": {
                      "entityName": "systemusers",
                      "recordId": "@triggerOutputs()?['body/_createdby_value']"
                    },
                    "authentication": "@parameters('$authentication')"
                  }
                },
                "Get_a_row_by_ID_-_Customer": {
                  "runAfter": {
                    "Get_a_row_by_ID_-_Submitted_By": [
                      "Succeeded"
                    ]
                  },
                  "metadata": {
                    "operationMetadataId": "19e3430a-c033-4f2d-afe4-4198c24c2a38"
                  },
                  "type": "OpenApiConnection",
                  "inputs": {
                    "host": {
                      "connectionName": "shared_commondataserviceforapps",
                      "operationId": "GetItem",
                      "apiId": "/providers/Microsoft.PowerApps/apis/shared_commondataserviceforapps"
                    },
                    "parameters": {
                      "entityName": "contacts",
                      "recordId": "@triggerOutputs()?['body/_andy_projectcustomer_value']"
                    },
                    "authentication": "@parameters('$authentication')"
                  }
                }
              },
              "runAfter": {},
              "metadata": {
                "operationMetadataId": "63f99e43-3761-46bd-80f7-58d0bd3e47ed"
              },
              "type": "Scope"
            }
          },
          "runAfter": {
            "Scope_-_Get_User": [
              "Succeeded"
            ]
          },
          "metadata": {
            "operationMetadataId": "1ef4ae32-d888-452a-b8bc-d0afbd64f9a5"
          },
          "type": "Scope"
        },
        "Parse_JSON_-_Power_Platform_Projects": {
          "runAfter": {},
          "metadata": {
            "operationMetadataId": "f07ecd5e-c03a-4324-a92c-3a8d74bed248"
          },
          "type": "ParseJson",
          "inputs": {
            "content": "@triggerOutputs()?['body']",
            "schema": {
              "type": "object",
              "properties": {
                "_andy_projectlead_value": {
                  "type": "string"
                },
                "_andy_projectlead_value@Microsoft.Dynamics.CRM.lookuplogicalname": {
                  "type": "string"
                },
                "_andy_projectlead_type": {
                  "type": "string"
                },
                "andy_powerplatformprojectsid": {
                  "type": "string"
                },
                "andy_whendoesthesolutionneedtobedelivered": {
                  "type": "string"
                },
                "andy_projectname": {
                  "type": "string"
                },
                "_andy_projectcustomer_value": {
                  "type": "string"
                },
                "_andy_projectcustomer_value@Microsoft.Dynamics.CRM.lookuplogicalname": {
                  "type": "string"
                },
                "_andy_projectcustomer_type": {
                  "type": "string"
                },
                "statecode": {
                  "type": "integer"
                },
                "_statecode_label": {
                  "type": "string"
                },
                "statuscode": {
                  "type": "integer"
                },
                "_statuscode_label": {
                  "type": "string"
                },
                "andy_isthissolutionpermeantortemporary": {
                  "type": "integer"
                },
                "_andy_isthissolutionpermeantortemporary_label": {
                  "type": "string"
                },
                "_owningbusinessunit_value": {
                  "type": "string"
                },
                "_owningbusinessunit_value@Microsoft.Dynamics.CRM.lookuplogicalname": {
                  "type": "string"
                },
                "_owningbusinessunit_type": {
                  "type": "string"
                },
                "timezoneruleversionnumber": {
                  "type": "integer"
                },
                "_ownerid_value": {
                  "type": "string"
                },
                "_ownerid_value@Microsoft.Dynamics.CRM.lookuplogicalname": {
                  "type": "string"
                },
                "_ownerid_type": {
                  "type": "string"
                },
                "modifiedon": {
                  "type": "string"
                },
                "_modifiedby_value": {
                  "type": "string"
                },
                "_modifiedby_value@Microsoft.Dynamics.CRM.lookuplogicalname": {
                  "type": "string"
                },
                "_modifiedby_type": {
                  "type": "string"
                },
                "createdon": {
                  "type": "string"
                },
                "_createdby_value": {
                  "type": "string"
                },
                "_createdby_value@Microsoft.Dynamics.CRM.lookuplogicalname": {
                  "type": "string"
                },
                "_createdby_type": {
                  "type": "string"
                },
                "ItemInternalId": {
                  "type": "string"
                },
                "SdkMessage": {
                  "type": "string"
                },
                "RunAsSystemUserId": {
                  "type": "string"
                },
                "RowVersion": {
                  "type": "string"
                }
              }
            }
          }
        }
      }
    },
    "templateName": ""
  },
  "schemaVersion": "1.0.0.0"
}