<ImportExportXml version="9.2.24023.204" SolutionPackageVersion="9.2" languagecode="1033" generatedBy="CrmLive" xmlns:xsi="http://www.w3.org/2001/XMLSchema-instance">
  <SolutionManifest>
    <UniqueName>PlatformProjectManagement</UniqueName>
    <LocalizedNames>
      <LocalizedName description="Platform Project Management" languagecode="1033" />
    </LocalizedNames>
    <Descriptions />
    <Version>1.0.0.15</Version>
    <Managed>0</Managed>
    <Publisher>
      <UniqueName>Andworx</UniqueName>
      <LocalizedNames>
        <LocalizedName description="Andworx" languagecode="1033" />
      </LocalizedNames>
      <Descriptions />
      <EMailAddress xsi:nil="true"></EMailAddress>
      <SupportingWebsiteUrl xsi:nil="true"></SupportingWebsiteUrl>
      <CustomizationPrefix>andy</CustomizationPrefix>
      <CustomizationOptionValuePrefix>43570</CustomizationOptionValuePrefix>
      <Addresses>
        <Address>
          <AddressNumber>1</AddressNumber>
          <AddressTypeCode>1</AddressTypeCode>
          <City xsi:nil="true"></City>
          <County xsi:nil="true"></County>
          <Country xsi:nil="true"></Country>
          <Fax xsi:nil="true"></Fax>
          <FreightTermsCode xsi:nil="true"></FreightTermsCode>
          <ImportSequenceNumber xsi:nil="true"></ImportSequenceNumber>
          <Latitude xsi:nil="true"></Latitude>
          <Line1 xsi:nil="true"></Line1>
          <Line2 xsi:nil="true"></Line2>
          <Line3 xsi:nil="true"></Line3>
          <Longitude xsi:nil="true"></Longitude>
          <Name xsi:nil="true"></Name>
          <PostalCode xsi:nil="true"></PostalCode>
          <PostOfficeBox xsi:nil="true"></PostOfficeBox>
          <PrimaryContactName xsi:nil="true"></PrimaryContactName>
          <ShippingMethodCode>1</ShippingMethodCode>
          <StateOrProvince xsi:nil="true"></StateOrProvince>
          <Telephone1 xsi:nil="true"></Telephone1>
          <Telephone2 xsi:nil="true"></Telephone2>
          <Telephone3 xsi:nil="true"></Telephone3>
          <TimeZoneRuleVersionNumber xsi:nil="true"></TimeZoneRuleVersionNumber>
          <UPSZone xsi:nil="true"></UPSZone>
          <UTCOffset xsi:nil="true"></UTCOffset>
          <UTCConversionTimeZoneCode xsi:nil="true"></UTCConversionTimeZoneCode>
        </Address>
        <Address>
          <AddressNumber>2</AddressNumber>
          <AddressTypeCode>1</AddressTypeCode>
          <City xsi:nil="true"></City>
          <County xsi:nil="true"></County>
          <Country xsi:nil="true"></Country>
          <Fax xsi:nil="true"></Fax>
          <FreightTermsCode xsi:nil="true"></FreightTermsCode>
          <ImportSequenceNumber xsi:nil="true"></ImportSequenceNumber>
          <Latitude xsi:nil="true"></Latitude>
          <Line1 xsi:nil="true"></Line1>
          <Line2 xsi:nil="true"></Line2>
          <Line3 xsi:nil="true"></Line3>
          <Longitude xsi:nil="true"></Longitude>
          <Name xsi:nil="true"></Name>
          <PostalCode xsi:nil="true"></PostalCode>
          <PostOfficeBox xsi:nil="true"></PostOfficeBox>
          <PrimaryContactName xsi:nil="true"></PrimaryContactName>
          <ShippingMethodCode>1</ShippingMethodCode>
          <StateOrProvince xsi:nil="true"></StateOrProvince>
          <Telephone1 xsi:nil="true"></Telephone1>
          <Telephone2 xsi:nil="true"></Telephone2>
          <Telephone3 xsi:nil="true"></Telephone3>
          <TimeZoneRuleVersionNumber xsi:nil="true"></TimeZoneRuleVersionNumber>
          <UPSZone xsi:nil="true"></UPSZone>
          <UTCOffset xsi:nil="true"></UTCOffset>
          <UTCConversionTimeZoneCode xsi:nil="true"></UTCConversionTimeZoneCode>
        </Address>
      </Addresses>
    </Publisher>
    <RootComponents>
      <RootComponent type="1" schemaName="aaduser" behavior="0" />
      <RootComponent type="1" schemaName="andy_powerplatformprojectapprovers" behavior="0" />
      <RootComponent type="1" schemaName="andy_powerplatformprojects" behavior="0" />
      <RootComponent type="1" schemaName="msdyn_flow_approval" behavior="0" />
      <RootComponent type="9" schemaName="andy_context" behavior="0" />
      <RootComponent type="9" schemaName="andy_temporaryorpermanent" behavior="0" />
      <RootComponent type="29" id="{2009138d-50e8-ee11-904c-6045bdd83630}" behavior="0" />
      <RootComponent type="29" id="{2b27fc0e-52e6-ee11-904c-6045bddb4e2f}" behavior="0" />
      <RootComponent type="61" schemaName="cr552_powerplatformprojectmanagementtabcontrol" behavior="0" />
      <RootComponent type="62" schemaName="andy_PlatformProjectManagementApplicatio" behavior="0" />
      <RootComponent type="80" schemaName="andy_PlatformProjectManagementApplicatio" behavior="0" />
      <RootComponent type="92" id="{fa780e1e-5be6-ee11-904d-00224827288f}" behavior="0" />
    </RootComponents>
    <MissingDependencies>
      <MissingDependency>
        <Required type="1" schemaName="aaduser" displayName="Microsoft Entra ID" solution="MetadataExtension (1.0.2.91)" />
        <Dependent type="1" schemaName="aaduser" displayName="Microsoft Entra ID" />
      </MissingDependency>
      <MissingDependency>
        <Required type="1" schemaName="aaduser" displayName="Microsoft Entra ID" solution="MetadataExtension (1.0.2.91)" />
        <Dependent type="10" schemaName="andy_powerplatformprojectapprovers_POC_aaduser" displayName="andy_powerplatformprojectapprovers_POC_aaduser" parentSchemaName="aaduser" parentDisplayName="Microsoft Entra ID" />
      </MissingDependency>
      <MissingDependency>
        <Required type="1" schemaName="aaduser" displayName="Microsoft Entra ID" solution="MetadataExtension (1.0.2.91)" />
        <Dependent type="10" schemaName="andy_powerplatformprojects_ProjectLead_aaduser" displayName="andy_powerplatformprojects_ProjectLead_aaduser" parentSchemaName="aaduser" parentDisplayName="Microsoft Entra ID" />
      </MissingDependency>
      <MissingDependency>
        <Required type="1" schemaName="aaduser" displayName="Microsoft Entra ID" solution="MetadataExtension (1.0.2.91)" />
        <Dependent type="62" schemaName="andy_PlatformProjectManagementApplicatio" />
      </MissingDependency>
      <MissingDependency>
        <Required type="1" schemaName="aaduser" displayName="Microsoft Entra ID" solution="MetadataExtension (1.0.2.91)" />
        <Dependent type="80" schemaName="andy_PlatformProjectManagementApplicatio" displayName="Platform Project Management Application" />
      </MissingDependency>
      <MissingDependency>
        <Required type="1" schemaName="aaduser" displayName="Microsoft Entra ID" solution="MetadataExtension (1.0.2.91)" />
        <Dependent type="fxexpression" displayName="andy_FillinApproversName" id.uniquename="andy_FillinApproversName" />
      </MissingDependency>
      <MissingDependency>
        <Required type="1" schemaName="andy_supplyrequests" displayName="Supply Requests" solution="Active" />
        <Dependent type="1" schemaName="msdyn_flow_approval" displayName="Approval" />
      </MissingDependency>
      <MissingDependency>
        <Required type="1" schemaName="msdyn_flow_approval" displayName="Approval" solution="msdyn_FlowApprovalsCore (2.0.4.8)">
          <package>msdyn_FlowApprovals (2.0.4.8)</package>
        </Required>
        <Dependent type="1" schemaName="msdyn_flow_approval" displayName="Approval" />
      </MissingDependency>
      <MissingDependency>
        <Required type="1" schemaName="msdyn_flow_approval" displayName="Approval" solution="msdyn_FlowApprovalsCore (2.0.4.8)">
          <package>msdyn_FlowApprovals (2.0.4.8)</package>
        </Required>
        <Dependent type="10" schemaName="andy_powerplatformprojects_BranchChiefApproval" displayName="andy_powerplatformprojects_BranchChiefApproval" parentSchemaName="msdyn_flow_approval" parentDisplayName="Approval" />
      </MissingDependency>
      <MissingDependency>
        <Required type="1" schemaName="msdyn_flow_approval" displayName="Approval" solution="msdyn_FlowApprovalsCore (2.0.4.8)">
          <package>msdyn_FlowApprovals (2.0.4.8)</package>
        </Required>
        <Dependent type="10" schemaName="msdyn_flow_basicapprovalmodelrelationship_approval" displayName="msdyn_flow_basicapprovalmodelrelationship_approval" parentSchemaName="msdyn_flow_basicapprovalmodel" parentDisplayName="Basic Approval Model Data" />
      </MissingDependency>
      <MissingDependency>
        <Required type="1" schemaName="msdyn_flow_approval" displayName="Approval" solution="msdyn_FlowApprovalsCore (2.0.4.8)">
          <package>msdyn_FlowApprovals (2.0.4.8)</package>
        </Required>
        <Dependent type="2" schemaName="createdby" displayName="Created By" parentSchemaName="msdyn_flow_approval" parentDisplayName="Approval" />
      </MissingDependency>
      <MissingDependency>
        <Required type="1" schemaName="msdyn_flow_approval" displayName="Approval" solution="msdyn_FlowApprovalsCore (2.0.4.8)">
          <package>msdyn_FlowApprovals (2.0.4.8)</package>
        </Required>
        <Dependent type="2" schemaName="createdonbehalfby" displayName="Created By (Delegate)" parentSchemaName="msdyn_flow_approval" parentDisplayName="Approval" />
      </MissingDependency>
      <MissingDependency>
        <Required type="1" schemaName="msdyn_flow_approval" displayName="Approval" solution="msdyn_FlowApprovalsCore (2.0.4.8)">
          <package>msdyn_FlowApprovals (2.0.4.8)</package>
        </Required>
        <Dependent type="2" schemaName="modifiedby" displayName="Modified By" parentSchemaName="msdyn_flow_approval" parentDisplayName="Approval" />
      </MissingDependency>
      <MissingDependency>
        <Required type="1" schemaName="msdyn_flow_approval" displayName="Approval" solution="msdyn_FlowApprovalsCore (2.0.4.8)">
          <package>msdyn_FlowApprovals (2.0.4.8)</package>
        </Required>
        <Dependent type="2" schemaName="modifiedonbehalfby" displayName="Modified By (Delegate)" parentSchemaName="msdyn_flow_approval" parentDisplayName="Approval" />
      </MissingDependency>
      <MissingDependency>
        <Required type="1" schemaName="msdyn_flow_approval" displayName="Approval" solution="msdyn_FlowApprovalsCore (2.0.4.8)">
          <package>msdyn_FlowApprovals (2.0.4.8)</package>
        </Required>
        <Dependent type="2" schemaName="ownerid" displayName="Owner" parentSchemaName="msdyn_flow_approval" parentDisplayName="Approval" />
      </MissingDependency>
      <MissingDependency>
        <Required type="1" schemaName="msdyn_flow_approval" displayName="Approval" solution="msdyn_FlowApprovalsCore (2.0.4.8)">
          <package>msdyn_FlowApprovals (2.0.4.8)</package>
        </Required>
        <Dependent type="2" schemaName="owningbusinessunit" displayName="Owning Business Unit" parentSchemaName="msdyn_flow_approval" parentDisplayName="Approval" />
      </MissingDependency>
      <MissingDependency>
        <Required type="1" schemaName="msdyn_flow_approval" displayName="Approval" solution="msdyn_FlowApprovalsCore (2.0.4.8)">
          <package>msdyn_FlowApprovals (2.0.4.8)</package>
        </Required>
        <Dependent type="2" schemaName="owningteam" displayName="Owning Team" parentSchemaName="msdyn_flow_approval" parentDisplayName="Approval" />
      </MissingDependency>
      <MissingDependency>
        <Required type="1" schemaName="msdyn_flow_approval" displayName="Approval" solution="msdyn_FlowApprovalsCore (2.0.4.8)">
          <package>msdyn_FlowApprovals (2.0.4.8)</package>
        </Required>
        <Dependent type="2" schemaName="owninguser" displayName="Owning User" parentSchemaName="msdyn_flow_approval" parentDisplayName="Approval" />
      </MissingDependency>
      <MissingDependency>
        <Required type="1" schemaName="msdyn_flow_approval" displayName="Approval" solution="msdyn_FlowApprovalsCore (2.0.4.8)">
          <package>msdyn_FlowApprovals (2.0.4.8)</package>
        </Required>
        <Dependent type="2" schemaName="versionnumber" displayName="Version Number" parentSchemaName="msdyn_flow_approval" parentDisplayName="Approval" />
      </MissingDependency>
      <MissingDependency>
        <Required type="1" schemaName="msdyn_flow_approval" displayName="Approval" solution="msdyn_FlowApprovalsCore (2.0.4.8)">
          <package>msdyn_FlowApprovals (2.0.4.8)</package>
        </Required>
        <Dependent type="29" displayName="1.1 - When a new Project is Requested (Power Platform Management)" id="{2009138d-50e8-ee11-904c-6045bdd83630}" />
      </MissingDependency>
      <MissingDependency>
        <Required type="1" schemaName="msdyn_flow_approvalrequest" displayName="Approval Request" solution="msdyn_FlowApprovalsCore (2.0.4.8)">
          <package>msdyn_FlowApprovals (2.0.4.8)</package>
        </Required>
        <Dependent type="1" schemaName="msdyn_flow_approval" displayName="Approval" />
      </MissingDependency>
      <MissingDependency>
        <Required type="1" schemaName="msdyn_flow_approvalresponse" displayName="Approval Response" solution="msdyn_FlowApprovalsCore (2.0.4.8)">
          <package>msdyn_FlowApprovals (2.0.4.8)</package>
        </Required>
        <Dependent type="1" schemaName="msdyn_flow_approval" displayName="Approval" />
      </MissingDependency>
      <MissingDependency>
        <Required type="1" schemaName="msdyn_flow_approvalstep" displayName="Approval Step" solution="msdyn_FlowApprovalsCore (2.0.4.8)">
          <package>msdyn_FlowApprovals (2.0.4.8)</package>
        </Required>
        <Dependent type="1" schemaName="msdyn_flow_approval" displayName="Approval" />
      </MissingDependency>
      <MissingDependency>
        <Required type="1" schemaName="msdyn_flow_basicapprovalmodel" displayName="Basic Approval Model Data" solution="msdyn_FlowApprovalsCore (2.0.4.8)">
          <package>msdyn_FlowApprovals (2.0.4.8)</package>
        </Required>
        <Dependent type="10" schemaName="msdyn_flow_basicapprovalmodelrelationship_approval" displayName="msdyn_flow_basicapprovalmodelrelationship_approval" parentSchemaName="msdyn_flow_basicapprovalmodel" parentDisplayName="Basic Approval Model Data" />
      </MissingDependency>
      <MissingDependency>
        <Required type="1" schemaName="msdyn_flow_flowapproval" displayName="Flow Approval" solution="msdyn_FlowApprovalsCore (2.0.4.8)">
          <package>msdyn_FlowApprovals (2.0.4.8)</package>
        </Required>
        <Dependent type="1" schemaName="msdyn_flow_approval" displayName="Approval" />
      </MissingDependency>
      <MissingDependency>
        <Required type="10" schemaName="msdyn_flow_basicapprovalmodelrelationship_approval" displayName="msdyn_flow_basicapprovalmodelrelationship_approval" parentSchemaName="msdyn_flow_basicapprovalmodel" parentDisplayName="Basic Approval Model Data" solution="msdyn_FlowApprovalsCore (2.0.4.8)">
          <package>msdyn_FlowApprovals (2.0.4.8)</package>
        </Required>
        <Dependent type="10" schemaName="msdyn_flow_basicapprovalmodelrelationship_approval" displayName="msdyn_flow_basicapprovalmodelrelationship_approval" parentSchemaName="msdyn_flow_basicapprovalmodel" parentDisplayName="Basic Approval Model Data" />
      </MissingDependency>
      <MissingDependency>
        <Required type="2" schemaName="aaduserid" displayName="Id" parentSchemaName="aaduser" parentDisplayName="Microsoft Entra ID" solution="MetadataExtension (1.0.2.91)" />
        <Dependent type="10" schemaName="andy_powerplatformprojectapprovers_POC_aaduser" displayName="andy_powerplatformprojectapprovers_POC_aaduser" parentSchemaName="aaduser" parentDisplayName="Microsoft Entra ID" />
      </MissingDependency>
      <MissingDependency>
        <Required type="2" schemaName="aaduserid" displayName="Id" parentSchemaName="aaduser" parentDisplayName="Microsoft Entra ID" solution="MetadataExtension (1.0.2.91)" />
        <Dependent type="10" schemaName="andy_powerplatformprojects_ProjectLead_aaduser" displayName="andy_powerplatformprojects_ProjectLead_aaduser" parentSchemaName="aaduser" parentDisplayName="Microsoft Entra ID" />
      </MissingDependency>
      <MissingDependency>
        <Required type="2" schemaName="displayname" displayName="Display Name" parentSchemaName="aaduser" parentDisplayName="Microsoft Entra ID" solution="MetadataExtension (1.0.2.91)" />
        <Dependent type="10" schemaName="andy_powerplatformprojectapprovers_POC_aaduser" displayName="andy_powerplatformprojectapprovers_POC_aaduser" parentSchemaName="aaduser" parentDisplayName="Microsoft Entra ID" />
      </MissingDependency>
      <MissingDependency>
        <Required type="2" schemaName="displayname" displayName="Display Name" parentSchemaName="aaduser" parentDisplayName="Microsoft Entra ID" solution="MetadataExtension (1.0.2.91)" />
        <Dependent type="10" schemaName="andy_powerplatformprojects_ProjectLead_aaduser" displayName="andy_powerplatformprojects_ProjectLead_aaduser" parentSchemaName="aaduser" parentDisplayName="Microsoft Entra ID" />
      </MissingDependency>
      <MissingDependency>
        <Required type="2" schemaName="displayname" displayName="Display Name" parentSchemaName="aaduser" parentDisplayName="Microsoft Entra ID" solution="MetadataExtension (1.0.2.91)" />
        <Dependent type="fxexpression" displayName="andy_FillinApproversName" id.uniquename="andy_FillinApproversName" />
      </MissingDependency>
      <MissingDependency>
        <Required type="2" schemaName="msdyn_flow_approval_basicapprovalmodel" displayName="Basic Approval Model" parentSchemaName="msdyn_flow_approval" parentDisplayName="Approval" solution="msdyn_FlowApprovalsCore (2.0.4.8)">
          <package>msdyn_FlowApprovals (2.0.4.8)</package>
        </Required>
        <Dependent type="10" schemaName="msdyn_flow_basicapprovalmodelrelationship_approval" displayName="msdyn_flow_basicapprovalmodelrelationship_approval" parentSchemaName="msdyn_flow_basicapprovalmodel" parentDisplayName="Basic Approval Model Data" />
      </MissingDependency>
      <MissingDependency>
        <Required type="2" schemaName="msdyn_flow_approval_name" displayName="Name" parentSchemaName="msdyn_flow_approval" parentDisplayName="Approval" solution="msdyn_FlowApprovalsCore (2.0.4.8)">
          <package>msdyn_FlowApprovals (2.0.4.8)</package>
        </Required>
        <Dependent type="10" schemaName="andy_powerplatformprojects_BranchChiefApproval" displayName="andy_powerplatformprojects_BranchChiefApproval" parentSchemaName="msdyn_flow_approval" parentDisplayName="Approval" />
      </MissingDependency>
      <MissingDependency>
        <Required type="2" schemaName="msdyn_flow_approval_name" displayName="Name" parentSchemaName="msdyn_flow_approval" parentDisplayName="Approval" solution="msdyn_FlowApprovalsCore (2.0.4.8)">
          <package>msdyn_FlowApprovals (2.0.4.8)</package>
        </Required>
        <Dependent type="10" schemaName="andy_powerplatformprojects_TeamLeadApproval_ms" displayName="andy_powerplatformprojects_TeamLeadApproval_ms" parentSchemaName="msdyn_flow_approval" parentDisplayName="Approval" />
      </MissingDependency>
      <MissingDependency>
        <Required type="2" schemaName="msdyn_flow_approvalid" displayName="Approval" parentSchemaName="msdyn_flow_approval" parentDisplayName="Approval" solution="msdyn_FlowApprovalsCore (2.0.4.8)">
          <package>msdyn_FlowApprovals (2.0.4.8)</package>
        </Required>
        <Dependent type="10" schemaName="andy_powerplatformprojects_BranchChiefApproval" displayName="andy_powerplatformprojects_BranchChiefApproval" parentSchemaName="msdyn_flow_approval" parentDisplayName="Approval" />
      </MissingDependency>
      <MissingDependency>
        <Required type="2" schemaName="msdyn_flow_basicapprovalmodel_name" displayName="Name" parentSchemaName="msdyn_flow_basicapprovalmodel" parentDisplayName="Basic Approval Model Data" solution="msdyn_FlowApprovalsCore (2.0.4.8)">
          <package>msdyn_FlowApprovals (2.0.4.8)</package>
        </Required>
        <Dependent type="10" schemaName="msdyn_flow_basicapprovalmodelrelationship_approval" displayName="msdyn_flow_basicapprovalmodelrelationship_approval" parentSchemaName="msdyn_flow_basicapprovalmodel" parentDisplayName="Basic Approval Model Data" />
      </MissingDependency>
      <MissingDependency>
        <Required type="2" schemaName="msdyn_flow_basicapprovalmodelid" displayName="Basic Approval Model Data" parentSchemaName="msdyn_flow_basicapprovalmodel" parentDisplayName="Basic Approval Model Data" solution="msdyn_FlowApprovalsCore (2.0.4.8)">
          <package>msdyn_FlowApprovals (2.0.4.8)</package>
        </Required>
        <Dependent type="10" schemaName="msdyn_flow_basicapprovalmodelrelationship_approval" displayName="msdyn_flow_basicapprovalmodelrelationship_approval" parentSchemaName="msdyn_flow_basicapprovalmodel" parentDisplayName="Basic Approval Model Data" />
      </MissingDependency>
      <MissingDependency>
        <Required type="61" schemaName="msdyn_/Images/AppModule_Default_Icon.png" displayName="msdyn_/Images/AppModule_Default_Icon.png" solution="AppModuleWebResources (2.5)" />
        <Dependent type="80" schemaName="andy_PlatformProjectManagementApplicatio" displayName="Platform Project Management Application" />
      </MissingDependency>
      <MissingDependency>
        <Required type="90" schemaName="Microsoft.PowerFx.Evaluator, Microsoft.PowerFx.PlexPlugins, Version=1.0.0.0, Culture=neutral, PublicKeyToken=31bf3856ad364e35" displayName="Microsoft.PowerFx.Evaluator" solution="msft_PowerfxRuleSolution (1.0.0.58)" id="{462b3e8f-beb4-4981-9b87-a60c2162a9f7}" />
        <Dependent type="92" id="{fa780e1e-5be6-ee11-904d-00224827288f}" />
      </MissingDependency>
      <MissingDependency>
        <Required type="SettingDefinition" displayName="AppChannel" solution="msdyn_AppFrameworkInfraExtensions (1.0.0.6)" id.uniquename="AppChannel" />
        <Dependent type="AppSetting" displayName="parentappmoduleid.uniquename=andy_PlatformProjectManagementApplicatio,settingdefinitionid.uniquename=AppChannel" id.parentappmoduleid.uniquename="andy_PlatformProjectManagementApplicatio" id.settingdefinitionid.uniquename="AppChannel" />
      </MissingDependency>
    </MissingDependencies>
  </SolutionManifest>
</ImportExportXml>