<environmentvariabledefinition schemaname="andy_ProductionPipelineEnvironment">
  <apiid>/providers/microsoft.powerapps/apis/shared_commondataservice</apiid>
  <description default="The production environment to be used by the pipeline">
    <label description="The production environment to be used by the pipeline" languagecode="1033" />
  </description>
  <displayname default="Production Pipeline Environment ">
    <label description="Production Pipeline Environment " languagecode="1033" />
  </displayname>
  <introducedversion>1.0.0.0</introducedversion>
  <iscustomizable>1</iscustomizable>
  <isrequired>0</isrequired>
  <secretstore>0</secretstore>
  <type>100000004</type>
</environmentvariabledefinition>