<environmentvariabledefinition schemaname="andy_PowerAppsURL">
  <description default="URL of the Power apps landing page">
    <label description="URL of the Power apps landing page" languagecode="1033" />
  </description>
  <displayname default="Power Apps URL">
    <label description="Power Apps URL" languagecode="1033" />
  </displayname>
  <introducedversion>1.0.0.9</introducedversion>
  <iscustomizable>1</iscustomizable>
  <isrequired>0</isrequired>
  <secretstore>0</secretstore>
  <type>100000000</type>
</environmentvariabledefinition>