<environmentvariabledefinition schemaname="andy_DataverseDevelopmentEnvironment">
  <apiid>/providers/microsoft.powerapps/apis/shared_commondataservice</apiid>
  <description default="Development Environment Connection">
    <label description="Development Environment Connection" languagecode="1033" />
  </description>
  <displayname default="Dataverse Development Environment">
    <label description="Dataverse Development Environment" languagecode="1033" />
  </displayname>
  <introducedversion>1.0.0.8</introducedversion>
  <iscustomizable>1</iscustomizable>
  <isrequired>0</isrequired>
  <secretstore>0</secretstore>
  <type>100000004</type>
</environmentvariabledefinition>