<ImportExportXml version="9.2.24042.218" SolutionPackageVersion="9.2" languagecode="1033" generatedBy="CrmLive" xmlns:xsi="http://www.w3.org/2001/XMLSchema-instance">
  <SolutionManifest>
    <UniqueName>PlatformProjectManagement</UniqueName>
    <LocalizedNames>
      <LocalizedName description="Platform Project Management" languagecode="1033" />
    </LocalizedNames>
    <Descriptions />
    <Version>1.1.0.0</Version>
    <Managed>1</Managed>
    <Publisher>
      <UniqueName>Andworx</UniqueName>
      <LocalizedNames>
        <LocalizedName description="Andworx" languagecode="1033" />
      </LocalizedNames>
      <Descriptions />
      <EMailAddress xsi:nil="true"></EMailAddress>
      <SupportingWebsiteUrl xsi:nil="true"></SupportingWebsiteUrl>
      <CustomizationPrefix>andy</CustomizationPrefix>
      <CustomizationOptionValuePrefix>43570</CustomizationOptionValuePrefix>
      <Addresses>
        <Address>
          <AddressNumber>1</AddressNumber>
          <AddressTypeCode>1</AddressTypeCode>
          <City xsi:nil="true"></City>
          <County xsi:nil="true"></County>
          <Country xsi:nil="true"></Country>
          <Fax xsi:nil="true"></Fax>
          <FreightTermsCode xsi:nil="true"></FreightTermsCode>
          <ImportSequenceNumber xsi:nil="true"></ImportSequenceNumber>
          <Latitude xsi:nil="true"></Latitude>
          <Line1 xsi:nil="true"></Line1>
          <Line2 xsi:nil="true"></Line2>
          <Line3 xsi:nil="true"></Line3>
          <Longitude xsi:nil="true"></Longitude>
          <Name xsi:nil="true"></Name>
          <PostalCode xsi:nil="true"></PostalCode>
          <PostOfficeBox xsi:nil="true"></PostOfficeBox>
          <PrimaryContactName xsi:nil="true"></PrimaryContactName>
          <ShippingMethodCode>1</ShippingMethodCode>
          <StateOrProvince xsi:nil="true"></StateOrProvince>
          <Telephone1 xsi:nil="true"></Telephone1>
          <Telephone2 xsi:nil="true"></Telephone2>
          <Telephone3 xsi:nil="true"></Telephone3>
          <TimeZoneRuleVersionNumber xsi:nil="true"></TimeZoneRuleVersionNumber>
          <UPSZone xsi:nil="true"></UPSZone>
          <UTCOffset xsi:nil="true"></UTCOffset>
          <UTCConversionTimeZoneCode xsi:nil="true"></UTCConversionTimeZoneCode>
        </Address>
        <Address>
          <AddressNumber>2</AddressNumber>
          <AddressTypeCode>1</AddressTypeCode>
          <City xsi:nil="true"></City>
          <County xsi:nil="true"></County>
          <Country xsi:nil="true"></Country>
          <Fax xsi:nil="true"></Fax>
          <FreightTermsCode xsi:nil="true"></FreightTermsCode>
          <ImportSequenceNumber xsi:nil="true"></ImportSequenceNumber>
          <Latitude xsi:nil="true"></Latitude>
          <Line1 xsi:nil="true"></Line1>
          <Line2 xsi:nil="true"></Line2>
          <Line3 xsi:nil="true"></Line3>
          <Longitude xsi:nil="true"></Longitude>
          <Name xsi:nil="true"></Name>
          <PostalCode xsi:nil="true"></PostalCode>
          <PostOfficeBox xsi:nil="true"></PostOfficeBox>
          <PrimaryContactName xsi:nil="true"></PrimaryContactName>
          <ShippingMethodCode>1</ShippingMethodCode>
          <StateOrProvince xsi:nil="true"></StateOrProvince>
          <Telephone1 xsi:nil="true"></Telephone1>
          <Telephone2 xsi:nil="true"></Telephone2>
          <Telephone3 xsi:nil="true"></Telephone3>
          <TimeZoneRuleVersionNumber xsi:nil="true"></TimeZoneRuleVersionNumber>
          <UPSZone xsi:nil="true"></UPSZone>
          <UTCOffset xsi:nil="true"></UTCOffset>
          <UTCConversionTimeZoneCode xsi:nil="true"></UTCConversionTimeZoneCode>
        </Address>
      </Addresses>
    </Publisher>
    <RootComponents>
      <RootComponent type="1" schemaName="aaduser" behavior="0" />
      <RootComponent type="1" schemaName="andy_powerplatformprojectapprovers" behavior="0" />
      <RootComponent type="1" schemaName="andy_powerplatformprojects" behavior="0" />
      <RootComponent type="1" schemaName="msdyn_flow_approval" behavior="2" />
      <RootComponent type="9" schemaName="andy_context" behavior="0" />
      <RootComponent type="9" schemaName="andy_projectapproval" behavior="0" />
      <RootComponent type="9" schemaName="andy_temporaryorpermanent" behavior="0" />
      <RootComponent type="20" id="{2473b270-74fd-ee11-a1fe-7c1e5213febf}" behavior="0" />
      <RootComponent type="20" id="{34ff63ec-74fd-ee11-a1fe-7c1e5213febf}" behavior="0" />
      <RootComponent type="29" id="{09d646e6-3b11-ef11-9f89-0022482870b9}" behavior="0" />
      <RootComponent type="29" id="{1521481d-8c11-ef11-9f89-7c1e520bf128}" behavior="0" />
      <RootComponent type="29" id="{2009138d-50e8-ee11-904c-6045bdd83630}" behavior="0" />
      <RootComponent type="29" id="{2b27fc0e-52e6-ee11-904c-6045bddb4e2f}" behavior="0" />
      <RootComponent type="29" id="{573608f8-5f11-ef11-9f89-000d3a4e580c}" behavior="0" />
      <RootComponent type="29" id="{ce7dca26-0f12-ef11-9f89-000d3a4e580c}" behavior="0" />
      <RootComponent type="29" id="{d6c42d16-3d11-ef11-9f89-0022482870b9}" behavior="0" />
      <RootComponent type="61" schemaName="andy_pppmtableimage" behavior="0" />
      <RootComponent type="61" schemaName="andy_pppm_logo" behavior="0" />
      <RootComponent type="61" schemaName="cr552_powerplatformprojectmanagementtabcontrol" behavior="0" />
      <RootComponent type="61" schemaName="cr552_pppmapprovaltabcontrol" behavior="0" />
      <RootComponent type="61" schemaName="cr552_resubmittoteamlead" behavior="0" />
      <RootComponent type="61" schemaName="cr552_submittobranchchief" behavior="0" />
      <RootComponent type="62" schemaName="andy_PlatformProjectManagementApplicatio" behavior="0" />
      <RootComponent type="80" schemaName="andy_PlatformProjectManagementApplicatio" behavior="0" />
    </RootComponents>
    <MissingDependencies>
      <MissingDependency>
        <Required type="1" schemaName="aaduser" displayName="Microsoft Entra ID" solution="MetadataExtension (1.0.2.98)" />
        <Dependent type="1" schemaName="aaduser" displayName="Microsoft Entra ID" />
      </MissingDependency>
      <MissingDependency>
        <Required type="1" schemaName="aaduser" displayName="Microsoft Entra ID" solution="MetadataExtension (1.0.2.98)" />
        <Dependent type="62" schemaName="andy_PlatformProjectManagementApplicatio" />
      </MissingDependency>
      <MissingDependency>
        <Required type="1" schemaName="aaduser" displayName="Microsoft Entra ID" solution="MetadataExtension (1.0.2.98)" />
        <Dependent type="80" schemaName="andy_PlatformProjectManagementApplicatio" displayName="Power Platform Project Management" />
      </MissingDependency>
      <MissingDependency>
        <Required type="1" schemaName="msdyn_flow_approval" displayName="Approval" solution="msdyn_FlowApprovalsCore (2.0.4.8)">
          <package>msdyn_FlowApprovals (2.0.4.8)</package>
        </Required>
        <Dependent type="1" schemaName="msdyn_flow_approval" displayName="Approval" />
      </MissingDependency>
      <MissingDependency>
        <Required type="1" schemaName="msdyn_flow_approval" displayName="Approval" solution="msdyn_FlowApprovalsCore (2.0.4.8)">
          <package>msdyn_FlowApprovals (2.0.4.8)</package>
        </Required>
        <Dependent type="29" displayName="1.3 - Send to Branch Chief for Approval" id="{1521481d-8c11-ef11-9f89-7c1e520bf128}" />
      </MissingDependency>
      <MissingDependency>
        <Required type="1" schemaName="msdyn_flow_approval" displayName="Approval" solution="msdyn_FlowApprovalsCore (2.0.4.8)">
          <package>msdyn_FlowApprovals (2.0.4.8)</package>
        </Required>
        <Dependent type="29" displayName="1.1 - When a new Project is Requested (Power Platform Management)" id="{2009138d-50e8-ee11-904c-6045bdd83630}" />
      </MissingDependency>
      <MissingDependency>
        <Required type="1" schemaName="msdyn_flow_approval" displayName="Approval" solution="msdyn_FlowApprovalsCore (2.0.4.8)">
          <package>msdyn_FlowApprovals (2.0.4.8)</package>
        </Required>
        <Dependent type="29" displayName="1.2 - Resubmit request to Team lead" id="{573608f8-5f11-ef11-9f89-000d3a4e580c}" />
      </MissingDependency>
      <MissingDependency>
        <Required type="2" schemaName="msdyn_flow_approval_name" displayName="Name" parentSchemaName="msdyn_flow_approval" parentDisplayName="Approval" solution="msdyn_FlowApprovalsCore (2.0.4.8)">
          <package>msdyn_FlowApprovals (2.0.4.8)</package>
        </Required>
        <Dependent type="10" schemaName="andy_powerplatformprojects_BranchChiefApproval" displayName="andy_powerplatformprojects_BranchChiefApproval" parentSchemaName="msdyn_flow_approval" parentDisplayName="Approval" />
      </MissingDependency>
      <MissingDependency>
        <Required type="2" schemaName="msdyn_flow_approval_name" displayName="Name" parentSchemaName="msdyn_flow_approval" parentDisplayName="Approval" solution="msdyn_FlowApprovalsCore (2.0.4.8)">
          <package>msdyn_FlowApprovals (2.0.4.8)</package>
        </Required>
        <Dependent type="10" schemaName="andy_powerplatformprojects_TeamLeadApproval_ms" displayName="andy_powerplatformprojects_TeamLeadApproval_ms" parentSchemaName="msdyn_flow_approval" parentDisplayName="Approval" />
      </MissingDependency>
      <MissingDependency>
        <Required type="SettingDefinition" displayName="AppChannel" solution="msdyn_AppFrameworkInfraExtensions (1.0.0.8)" id.uniquename="AppChannel" />
        <Dependent type="AppSetting" displayName="parentappmoduleid.uniquename=andy_PlatformProjectManagementApplicatio,settingdefinitionid.uniquename=AppChannel" id.parentappmoduleid.uniquename="andy_PlatformProjectManagementApplicatio" id.settingdefinitionid.uniquename="AppChannel" />
      </MissingDependency>
    </MissingDependencies>
  </SolutionManifest>
</ImportExportXml>