{
  "properties": {
    "connectionReferences": {
      "shared_commondataserviceforapps": {
        "runtimeSource": "embedded",
        "connection": {
          "connectionReferenceLogicalName": "andy_sharedcommondataserviceforapps_19665"
        },
        "api": {
          "name": "shared_commondataserviceforapps"
        }
      },
      "shared_office365users": {
        "runtimeSource": "embedded",
        "connection": {
          "connectionReferenceLogicalName": "andy_sharedoffice365users_a849f"
        },
        "api": {
          "name": "shared_office365users"
        }
      },
      "shared_approvals": {
        "runtimeSource": "embedded",
        "connection": {
          "connectionReferenceLogicalName": "andy_sharedapprovals_df966"
        },
        "api": {
          "name": "shared_approvals"
        }
      },
      "shared_office365_1": {
        "runtimeSource": "embedded",
        "connection": {
          "connectionReferenceLogicalName": "andy_sharedoffice365_ea4ab"
        },
        "api": {
          "name": "shared_office365"
        }
      }
    },
    "definition": {
      "$schema": "https://schema.management.azure.com/providers/Microsoft.Logic/schemas/2016-06-01/workflowdefinition.json#",
      "contentVersion": "1.0.0.0",
      "parameters": {
        "$connections": {
          "defaultValue": {},
          "type": "Object"
        },
        "$authentication": {
          "defaultValue": {},
          "type": "SecureObject"
        },
        "Dataverse Development Environment (andy_DataverseDevelopmentEnvironment)": {
          "defaultValue": "https://andworx-development.crm.dynamics.com/",
          "type": "String",
          "metadata": {
            "schemaName": "andy_DataverseDevelopmentEnvironment",
            "description": "Development Environment Connection"
          }
        },
        "Publisher ID (andy_PublisherID)": {
          "defaultValue": "766d7109-0886-ed11-81ad-002248272946",
          "type": "String",
          "metadata": {
            "schemaName": "andy_PublisherID",
            "description": "ID for the Publisher to be used in PPM Solution"
          }
        },
        "Power Apps URL (andy_PowerAppsURL)": {
          "defaultValue": "https://make.powerapps.com/",
          "type": "String",
          "metadata": {
            "schemaName": "andy_PowerAppsURL",
            "description": "URL of the Power apps landing page"
          }
        },
        "Dataverse Development Environment ID (andy_DataverseDevelopmentEnvironmentID)": {
          "defaultValue": "dd045fe3-6b47-e5bd-87e6-680b3cfd3a09",
          "type": "String",
          "metadata": {
            "schemaName": "andy_DataverseDevelopmentEnvironmentID",
            "description": "ID of the dev env"
          }
        }
      },
      "triggers": {
        "When_a_row_is_added,_modified_or_deleted": {
          "metadata": {
            "operationMetadataId": "e27984c7-b235-4e95-a7b8-392b3ff5f928"
          },
          "type": "OpenApiConnectionWebhook",
          "inputs": {
            "host": {
              "connectionName": "shared_commondataserviceforapps",
              "operationId": "SubscribeWebhookTrigger",
              "apiId": "/providers/Microsoft.PowerApps/apis/shared_commondataserviceforapps"
            },
            "parameters": {
              "subscriptionRequest/message": 1,
              "subscriptionRequest/entityname": "andy_powerplatformprojects",
              "subscriptionRequest/scope": 4
            },
            "authentication": "@parameters('$authentication')"
          }
        }
      },
      "actions": {
        "Initialize_variable_-_varUsersArray": {
          "runAfter": {
            "Parse_JSON_-_Power_Platform_Projects": [
              "Succeeded"
            ]
          },
          "metadata": {
            "operationMetadataId": "8727e603-a2b9-49b1-adbf-11b91c3bef65"
          },
          "type": "InitializeVariable",
          "inputs": {
            "variables": [
              {
                "name": "varUsersArray",
                "type": "array"
              }
            ]
          }
        },
        "Scope_-_Get_User": {
          "actions": {
            "List_rows_-_Power_Platform_Project_Approvers": {
              "runAfter": {},
              "metadata": {
                "operationMetadataId": "36537251-7123-44bf-af8a-138b0ec8eac1"
              },
              "type": "OpenApiConnection",
              "inputs": {
                "host": {
                  "connectionName": "shared_commondataserviceforapps",
                  "operationId": "ListRecords",
                  "apiId": "/providers/Microsoft.PowerApps/apis/shared_commondataserviceforapps"
                },
                "parameters": {
                  "entityName": "andy_powerplatformprojectapproverses",
                  "$filter": "(andy_role eq 435700000)"
                },
                "authentication": "@parameters('$authentication')"
              }
            },
            "Apply_to_each_-_varUsersArray": {
              "foreach": "@outputs('List_rows_-_Power_Platform_Project_Approvers')?['body/value']",
              "actions": {
                "Append_to_array_variable_-_varUsersArray": {
                  "runAfter": {},
                  "metadata": {
                    "operationMetadataId": "d3c83739-667b-45e4-bf29-5f304841a599"
                  },
                  "type": "AppendToArrayVariable",
                  "inputs": {
                    "name": "varUsersArray",
                    "value": {
                      "user": "@items('Apply_to_each_-_varUsersArray')?['_andy_poc_value']"
                    }
                  }
                }
              },
              "runAfter": {
                "List_rows_-_Power_Platform_Project_Approvers": [
                  "Succeeded"
                ]
              },
              "metadata": {
                "operationMetadataId": "4ec97b51-d624-4130-b659-a4ce0a5f68e4"
              },
              "type": "Foreach"
            },
            "Parse_JSON": {
              "runAfter": {
                "Apply_to_each_-_varUsersArray": [
                  "Succeeded"
                ]
              },
              "metadata": {
                "operationMetadataId": "6776847d-88a3-4e77-be26-c3ef941af93c"
              },
              "type": "ParseJson",
              "inputs": {
                "content": "@variables('varUsersArray')",
                "schema": {
                  "type": "array",
                  "items": {
                    "type": "object",
                    "properties": {
                      "user": {
                        "type": "string"
                      }
                    },
                    "required": [
                      "user"
                    ]
                  }
                }
              }
            },
            "Apply_to_each_-_Entra_ID_Lookup": {
              "foreach": "@body('Parse_JSON')",
              "actions": {
                "Get_user_profile_(V2)": {
                  "runAfter": {},
                  "metadata": {
                    "operationMetadataId": "ac6b58f7-a659-40be-8b66-d8c1531983e9"
                  },
                  "type": "OpenApiConnection",
                  "inputs": {
                    "host": {
                      "connectionName": "shared_office365users",
                      "operationId": "UserProfile_V2",
                      "apiId": "/providers/Microsoft.PowerApps/apis/shared_office365users"
                    },
                    "parameters": {
                      "id": "@items('Apply_to_each_-_Entra_ID_Lookup')['user']"
                    },
                    "authentication": "@parameters('$authentication')"
                  }
                },
                "Append_to_string_variable_-_varEmails": {
                  "runAfter": {
                    "Get_user_profile_(V2)": [
                      "Succeeded"
                    ]
                  },
                  "metadata": {
                    "operationMetadataId": "6b0c0567-4a88-40a1-ace3-b5b7356743a5"
                  },
                  "type": "AppendToStringVariable",
                  "inputs": {
                    "name": "varEmails",
                    "value": "@{outputs('Get_user_profile_(V2)')?['body/mail']};"
                  }
                }
              },
              "runAfter": {
                "Parse_JSON": [
                  "Succeeded"
                ]
              },
              "metadata": {
                "operationMetadataId": "d40fdc3e-618a-421c-b8a2-e7e23925ce90"
              },
              "type": "Foreach"
            }
          },
          "runAfter": {
            "Initialize_variable_-_varEmails": [
              "Succeeded"
            ]
          },
          "metadata": {
            "operationMetadataId": "2b05d7a2-3e76-43db-b5c0-0d5db5233256"
          },
          "type": "Scope"
        },
        "Initialize_variable_-_varEmails": {
          "runAfter": {
            "Initialize_variable_-_varUsersArray": [
              "Succeeded"
            ]
          },
          "metadata": {
            "operationMetadataId": "9f24dc93-608e-4fdf-a849-8e9816dadc8c"
          },
          "type": "InitializeVariable",
          "inputs": {
            "variables": [
              {
                "name": "varEmails",
                "type": "string"
              }
            ]
          }
        },
        "Scope_-_Approval": {
          "actions": {
            "Scope_-_Get_Users_Info": {
              "actions": {
                "Get_user_profile_(V2)_-_Project_Lead": {
                  "runAfter": {
                    "Get_a_row_by_ID_-_Customer": [
                      "Succeeded"
                    ]
                  },
                  "metadata": {
                    "operationMetadataId": "e0b8b70b-6615-40e1-935d-86365a3fe01f"
                  },
                  "type": "OpenApiConnection",
                  "inputs": {
                    "host": {
                      "connectionName": "shared_office365users",
                      "operationId": "UserProfile_V2",
                      "apiId": "/providers/Microsoft.PowerApps/apis/shared_office365users"
                    },
                    "parameters": {
                      "id": "@triggerOutputs()?['body/_andy_projectlead_value']"
                    },
                    "authentication": "@parameters('$authentication')"
                  }
                },
                "Get_a_row_by_ID_-_Submitted_By": {
                  "runAfter": {},
                  "metadata": {
                    "operationMetadataId": "bdd773e5-f36a-4f5f-956f-0f53813226a4"
                  },
                  "type": "OpenApiConnection",
                  "inputs": {
                    "host": {
                      "connectionName": "shared_commondataserviceforapps",
                      "operationId": "GetItem",
                      "apiId": "/providers/Microsoft.PowerApps/apis/shared_commondataserviceforapps"
                    },
                    "parameters": {
                      "entityName": "systemusers",
                      "recordId": "@triggerOutputs()?['body/_createdby_value']"
                    },
                    "authentication": "@parameters('$authentication')"
                  }
                },
                "Get_a_row_by_ID_-_Customer": {
                  "runAfter": {
                    "Get_a_row_by_ID_-_Submitted_By": [
                      "Succeeded"
                    ]
                  },
                  "metadata": {
                    "operationMetadataId": "19e3430a-c033-4f2d-afe4-4198c24c2a38"
                  },
                  "type": "OpenApiConnection",
                  "inputs": {
                    "host": {
                      "connectionName": "shared_commondataserviceforapps",
                      "operationId": "GetItem",
                      "apiId": "/providers/Microsoft.PowerApps/apis/shared_commondataserviceforapps"
                    },
                    "parameters": {
                      "entityName": "contacts",
                      "recordId": "@triggerOutputs()?['body/_andy_projectcustomer_value']"
                    },
                    "authentication": "@parameters('$authentication')"
                  }
                }
              },
              "runAfter": {},
              "metadata": {
                "operationMetadataId": "63f99e43-3761-46bd-80f7-58d0bd3e47ed"
              },
              "type": "Scope"
            },
            "Scope_-_Create_Approval": {
              "actions": {
                "Create_an_approval": {
                  "runAfter": {},
                  "metadata": {
                    "operationMetadataId": "2668439a-8516-4c7a-8254-3985ff5cc760"
                  },
                  "type": "OpenApiConnection",
                  "inputs": {
                    "host": {
                      "connectionName": "shared_approvals",
                      "operationId": "CreateAnApproval",
                      "apiId": "/providers/Microsoft.PowerApps/apis/shared_approvals"
                    },
                    "parameters": {
                      "approvalType": "Basic",
                      "ApprovalCreationInput/title": "Approval Request for @{triggerOutputs()?['body/andy_projectname']}",
                      "ApprovalCreationInput/assignedTo": "@{variables('varEmails')};",
                      "ApprovalCreationInput/details": "\n# Requested from @{outputs('Get_a_row_by_ID_-_Submitted_By')?['body/fullname']}\n\n# Project Details\nThis is to be a @{body('Parse_JSON_-_Power_Platform_Projects')?['_andy_isthissolutionpermeantortemporary_label']} solution\nIt is being requested for @{outputs('Get_a_row_by_ID_-_Customer')?['body/fullname']}\nThe Project Lead is @{outputs('Get_user_profile_(V2)_-_Project_Lead')?['body/displayName']}\nThe Project needs to be deliverd no later then @{triggerOutputs()?['body/andy_whendoesthesolutionneedtobedelivered']}\n\n",
                      "ApprovalCreationInput/enableNotifications": true,
                      "ApprovalCreationInput/enableReassignment": false
                    },
                    "authentication": "@parameters('$authentication')"
                  }
                },
                "Update_a_row_-_Projects": {
                  "runAfter": {
                    "Create_an_approval": [
                      "Succeeded"
                    ]
                  },
                  "metadata": {
                    "operationMetadataId": "fc3518d5-0819-48b4-b600-5826c643042c"
                  },
                  "type": "OpenApiConnection",
                  "inputs": {
                    "host": {
                      "connectionName": "shared_commondataserviceforapps",
                      "operationId": "UpdateRecord",
                      "apiId": "/providers/Microsoft.PowerApps/apis/shared_commondataserviceforapps"
                    },
                    "parameters": {
                      "entityName": "andy_powerplatformprojectses",
                      "recordId": "@triggerOutputs()?['body/andy_powerplatformprojectsid']",
                      "item/andy_TeamLeadApproval@odata.bind": "msdyn_flow_approvals(@{outputs('Create_an_approval')?['body/name']})"
                    },
                    "authentication": "@parameters('$authentication')"
                  }
                },
                "Update_a_row_-_Approvals": {
                  "runAfter": {
                    "Create_an_approval": [
                      "Succeeded"
                    ]
                  },
                  "metadata": {
                    "operationMetadataId": "ffc5f2ae-9481-4f88-a09e-a3e495a7c962"
                  },
                  "type": "OpenApiConnection",
                  "inputs": {
                    "host": {
                      "connectionName": "shared_commondataserviceforapps",
                      "operationId": "UpdateRecord",
                      "apiId": "/providers/Microsoft.PowerApps/apis/shared_commondataserviceforapps"
                    },
                    "parameters": {
                      "entityName": "msdyn_flow_approvals",
                      "recordId": "@outputs('Create_an_approval')?['body/name']",
                      "item/msdyn_flow_approval_name": "@outputs('Create_an_approval')?['body/title']"
                    },
                    "authentication": "@parameters('$authentication')"
                  }
                },
                "Wait_for_an_approval": {
                  "runAfter": {
                    "Update_a_row_-_Projects": [
                      "Succeeded"
                    ],
                    "Update_a_row_-_Approvals": [
                      "Succeeded"
                    ]
                  },
                  "metadata": {
                    "operationMetadataId": "f1d8a36b-d8e6-4041-a6fa-6395f4586bd0"
                  },
                  "type": "OpenApiConnectionWebhook",
                  "inputs": {
                    "host": {
                      "connectionName": "shared_approvals",
                      "operationId": "WaitForAnApproval",
                      "apiId": "/providers/Microsoft.PowerApps/apis/shared_approvals"
                    },
                    "parameters": {
                      "approvalName": "@outputs('Create_an_approval')?['body/name']"
                    },
                    "authentication": "@parameters('$authentication')"
                  }
                }
              },
              "runAfter": {
                "Scope_-_Get_Users_Info": [
                  "Succeeded"
                ]
              },
              "metadata": {
                "operationMetadataId": "c1988212-49fa-4a6a-ad37-5846f9a73ee6"
              },
              "type": "Scope"
            },
            "Scope_-_After_Approval": {
              "actions": {
                "Condition_-_for_Approval": {
                  "actions": {
                    "Scope_-_Clean_String": {
                      "actions": {
                        "Compose_-_Bad_Characters": {
                          "runAfter": {},
                          "metadata": {
                            "operationMetadataId": "40658e69-d974-4aed-9040-80a386680f87"
                          },
                          "type": "Compose",
                          "inputs": "[\"-\",\"~\",\"#\",\"%\",\"&\",\"*\",\":\",\"<\",\">\",\"?\",\"/\",\"\\\",\"{\",\"|\",\"}\"]"
                        },
                        "Select_-_Remove_Unwanted": {
                          "runAfter": {
                            "Compose_-_Bad_Characters": [
                              "Succeeded"
                            ]
                          },
                          "metadata": {
                            "operationMetadataId": "df2cabf2-6e4d-4cfb-a91b-9674a19416ad"
                          },
                          "type": "Select",
                          "inputs": {
                            "from": "@range(0, length(triggerOutputs()?['body/andy_projectname']))",
                            "select": "@if\r\n(contains(outputs('Compose_-_Bad_Characters'), substring(triggerOutputs()?['body/andy_projectname'], item(), 1)),\r\n '',\r\n substring(triggerOutputs()?['body/andy_projectname'], item(), 1)\r\n)"
                          }
                        },
                        "Compose_-_Clean_Project_Name_Join": {
                          "runAfter": {
                            "Select_-_Remove_Unwanted": [
                              "Succeeded"
                            ]
                          },
                          "metadata": {
                            "operationMetadataId": "506134b9-4244-4a6c-a1a1-50514945bd6a"
                          },
                          "type": "Compose",
                          "inputs": "@join(body('Select_-_Remove_Unwanted'), '')"
                        },
                        "Compose_-_Clean_Project_Name_Remove_Spaces": {
                          "runAfter": {
                            "Compose_-_Clean_Project_Name_Join": [
                              "Succeeded"
                            ]
                          },
                          "metadata": {
                            "operationMetadataId": "48cc846c-ad37-41da-8f02-fba56637150e"
                          },
                          "type": "Compose",
                          "inputs": "@replace(outputs('Compose_-_Clean_Project_Name_Join'),' ','')"
                        }
                      },
                      "runAfter": {},
                      "metadata": {
                        "operationMetadataId": "c91f361b-be0c-4a76-81e3-ad2685407e34"
                      },
                      "type": "Scope"
                    },
                    "Scope_-_Create_Solution_in_Dev": {
                      "actions": {
                        "Add_a_new_row_to_selected_environment_-_In_Dev": {
                          "runAfter": {},
                          "metadata": {
                            "operationMetadataId": "2a31d30a-69eb-4bb8-a7e3-660012242641"
                          },
                          "type": "OpenApiConnection",
                          "inputs": {
                            "host": {
                              "connectionName": "shared_commondataserviceforapps",
                              "operationId": "CreateRecordWithOrganization",
                              "apiId": "/providers/Microsoft.PowerApps/apis/shared_commondataserviceforapps"
                            },
                            "parameters": {
                              "organization": "@parameters('Dataverse Development Environment (andy_DataverseDevelopmentEnvironment)')",
                              "entityName": "solutions",
                              "item/friendlyname": "@triggerOutputs()?['body/andy_projectname']",
                              "item/uniquename": "@outputs('Compose_-_Clean_Project_Name_Remove_Spaces')",
                              "item/publisherid@odata.bind": "publishers(@{parameters('Publisher ID (andy_PublisherID)')})"
                            },
                            "authentication": "@parameters('$authentication')"
                          }
                        },
                        "Send_an_email_(V2)_-_If_Approved": {
                          "runAfter": {
                            "Update_a_row_-_Project_with_solution_ID": [
                              "Succeeded"
                            ]
                          },
                          "metadata": {
                            "operationMetadataId": "fafaa1f3-7de5-44a3-af20-cf1ba1d8b81f"
                          },
                          "type": "OpenApiConnection",
                          "inputs": {
                            "host": {
                              "connectionName": "shared_office365_1",
                              "operationId": "SendEmailV2",
                              "apiId": "/providers/Microsoft.PowerApps/apis/shared_office365"
                            },
                            "parameters": {
                              "emailMessage/To": "@outputs('Get_a_row_by_ID_-_Submitted_By')?['body/internalemailaddress']",
                              "emailMessage/Subject": "Your Project  has been approved",
                              "emailMessage/Body": "<p>Your project has been approved and the solution created in Development.<br>\n<br>\n@{parameters('Power Apps URL (andy_PowerAppsURL)')}environments/@{parameters('Dataverse Development Environment ID (andy_DataverseDevelopmentEnvironmentID)')}/solutions/@{outputs('Add_a_new_row_to_selected_environment_-_In_Dev')?['body/solutionid']}</p>",
                              "emailMessage/Cc": "@variables('varEmails')",
                              "emailMessage/Importance": "Normal"
                            },
                            "authentication": "@parameters('$authentication')"
                          }
                        },
                        "Update_a_row_-_Project_with_solution_ID": {
                          "runAfter": {
                            "Add_a_new_row_to_selected_environment_-_In_Dev": [
                              "Succeeded"
                            ]
                          },
                          "metadata": {
                            "operationMetadataId": "f6cca260-a6fb-4cbe-81b9-1d8e5e415aab"
                          },
                          "type": "OpenApiConnection",
                          "inputs": {
                            "host": {
                              "connectionName": "shared_commondataserviceforapps",
                              "operationId": "UpdateRecord",
                              "apiId": "/providers/Microsoft.PowerApps/apis/shared_commondataserviceforapps"
                            },
                            "parameters": {
                              "entityName": "andy_powerplatformprojectses",
                              "recordId": "@outputs('Update_a_row_-_Projects')?['body/andy_powerplatformprojectsid']",
                              "item/andy_brachchiefapprovalchoice": 435700000,
                              "item/andy_teamleadapprovalchoice": 435700001,
                              "item/andy_brachchiefapprovalbutton": "Pending",
                              "item/andy_developmentsolutionid": "@outputs('Compose_-_Clean_Project_Name_Remove_Spaces')",
                              "item/andy_teamleadapprovalbutton": "Approved"
                            },
                            "authentication": "@parameters('$authentication')"
                          }
                        }
                      },
                      "runAfter": {
                        "Scope_-_Clean_String": [
                          "Succeeded"
                        ]
                      },
                      "metadata": {
                        "operationMetadataId": "10197023-4b58-4132-9b5b-3edca1b8682d"
                      },
                      "type": "Scope"
                    }
                  },
                  "runAfter": {},
                  "else": {
                    "actions": {
                      "Update_a_row_-_Project_with_Approval": {
                        "runAfter": {},
                        "metadata": {
                          "operationMetadataId": "f6cca260-a6fb-4cbe-81b9-1d8e5e415aab"
                        },
                        "type": "OpenApiConnection",
                        "inputs": {
                          "host": {
                            "connectionName": "shared_commondataserviceforapps",
                            "operationId": "UpdateRecord",
                            "apiId": "/providers/Microsoft.PowerApps/apis/shared_commondataserviceforapps"
                          },
                          "parameters": {
                            "entityName": "andy_powerplatformprojectses",
                            "recordId": "@outputs('Update_a_row_-_Projects')?['body/andy_powerplatformprojectsid']",
                            "item/andy_teamleadapprovalchoice": 435700002,
                            "item/andy_teamleadapprovalbutton": "1st Rejection"
                          },
                          "authentication": "@parameters('$authentication')"
                        }
                      },
                      "Send_an_email_(V2)_-_If_Denied": {
                        "runAfter": {
                          "Update_a_row_-_Project_with_Approval": [
                            "Succeeded"
                          ]
                        },
                        "metadata": {
                          "operationMetadataId": "e49297f6-b0cd-48af-86ff-ffe35ebb3dff"
                        },
                        "type": "OpenApiConnection",
                        "inputs": {
                          "host": {
                            "connectionName": "shared_office365_1",
                            "operationId": "SendEmailV2",
                            "apiId": "/providers/Microsoft.PowerApps/apis/shared_office365"
                          },
                          "parameters": {
                            "emailMessage/To": "@outputs('Get_a_row_by_ID_-_Submitted_By')?['body/internalemailaddress']",
                            "emailMessage/Subject": "Your Project  has been denied",
                            "emailMessage/Body": "<p>Your project has been Denied. To resubmit please naviagte to the PPM app.&nbsp;</p>",
                            "emailMessage/Cc": "@variables('varEmails')",
                            "emailMessage/Importance": "Normal"
                          },
                          "authentication": "@parameters('$authentication')"
                        }
                      }
                    }
                  },
                  "expression": {
                    "equals": [
                      "@outputs('Wait_for_an_approval')?['body/outcome']",
                      "Approve"
                    ]
                  },
                  "metadata": {
                    "operationMetadataId": "5225c32b-4ee9-4ab2-8987-ef4fb51820da"
                  },
                  "type": "If"
                }
              },
              "runAfter": {
                "Scope_-_Create_Approval": [
                  "Succeeded"
                ]
              },
              "metadata": {
                "operationMetadataId": "1fd4754f-87a3-4904-803f-0c43bf1a2c1c"
              },
              "type": "Scope"
            }
          },
          "runAfter": {
            "Scope_-_Get_User": [
              "Succeeded"
            ]
          },
          "metadata": {
            "operationMetadataId": "1ef4ae32-d888-452a-b8bc-d0afbd64f9a5"
          },
          "type": "Scope"
        },
        "Parse_JSON_-_Power_Platform_Projects": {
          "runAfter": {},
          "metadata": {
            "operationMetadataId": "f07ecd5e-c03a-4324-a92c-3a8d74bed248"
          },
          "type": "ParseJson",
          "inputs": {
            "content": "@triggerOutputs()?['body']",
            "schema": {
              "type": "object",
              "properties": {
                "_andy_projectlead_value": {
                  "type": "string"
                },
                "_andy_projectlead_value@Microsoft.Dynamics.CRM.lookuplogicalname": {
                  "type": "string"
                },
                "_andy_projectlead_type": {
                  "type": "string"
                },
                "andy_powerplatformprojectsid": {
                  "type": "string"
                },
                "andy_whendoesthesolutionneedtobedelivered": {
                  "type": "string"
                },
                "andy_projectname": {
                  "type": "string"
                },
                "_andy_projectcustomer_value": {
                  "type": "string"
                },
                "_andy_projectcustomer_value@Microsoft.Dynamics.CRM.lookuplogicalname": {
                  "type": "string"
                },
                "_andy_projectcustomer_type": {
                  "type": "string"
                },
                "statecode": {
                  "type": "integer"
                },
                "_statecode_label": {
                  "type": "string"
                },
                "statuscode": {
                  "type": "integer"
                },
                "_statuscode_label": {
                  "type": "string"
                },
                "andy_isthissolutionpermeantortemporary": {
                  "type": "integer"
                },
                "_andy_isthissolutionpermeantortemporary_label": {
                  "type": "string"
                },
                "_owningbusinessunit_value": {
                  "type": "string"
                },
                "_owningbusinessunit_value@Microsoft.Dynamics.CRM.lookuplogicalname": {
                  "type": "string"
                },
                "_owningbusinessunit_type": {
                  "type": "string"
                },
                "timezoneruleversionnumber": {
                  "type": "integer"
                },
                "_ownerid_value": {
                  "type": "string"
                },
                "_ownerid_value@Microsoft.Dynamics.CRM.lookuplogicalname": {
                  "type": "string"
                },
                "_ownerid_type": {
                  "type": "string"
                },
                "modifiedon": {
                  "type": "string"
                },
                "_modifiedby_value": {
                  "type": "string"
                },
                "_modifiedby_value@Microsoft.Dynamics.CRM.lookuplogicalname": {
                  "type": "string"
                },
                "_modifiedby_type": {
                  "type": "string"
                },
                "createdon": {
                  "type": "string"
                },
                "_createdby_value": {
                  "type": "string"
                },
                "_createdby_value@Microsoft.Dynamics.CRM.lookuplogicalname": {
                  "type": "string"
                },
                "_createdby_type": {
                  "type": "string"
                },
                "ItemInternalId": {
                  "type": "string"
                },
                "SdkMessage": {
                  "type": "string"
                },
                "RunAsSystemUserId": {
                  "type": "string"
                },
                "RowVersion": {
                  "type": "string"
                }
              }
            }
          }
        }
      }
    },
    "templateName": ""
  },
  "schemaVersion": "1.0.0.0"
}