{
  "properties": {
    "connectionReferences": {
      "shared_commondataserviceforapps": {
        "runtimeSource": "embedded",
        "connection": {
          "connectionReferenceLogicalName": "andy_sharedcommondataserviceforapps_19665"
        },
        "api": {
          "name": "shared_commondataserviceforapps"
        }
      }
    },
    "definition": {
      "$schema": "https://schema.management.azure.com/providers/Microsoft.Logic/schemas/2016-06-01/workflowdefinition.json#",
      "contentVersion": "1.0.0.0",
      "parameters": {
        "$connections": {
          "defaultValue": {},
          "type": "Object"
        },
        "$authentication": {
          "defaultValue": {},
          "type": "SecureObject"
        }
      },
      "triggers": {
        "manual": {
          "metadata": {
            "operationMetadataId": "9502c567-9670-4ea4-8a5d-ef4f9740c3f0"
          },
          "type": "Request",
          "kind": "Button",
          "inputs": {
            "schema": {
              "type": "object",
              "properties": {},
              "required": []
            }
          }
        }
      },
      "actions": {
        "List_rows": {
          "runAfter": {},
          "metadata": {
            "operationMetadataId": "1ee7c3e3-2589-470e-ab7c-dbba71077051"
          },
          "type": "OpenApiConnection",
          "inputs": {
            "host": {
              "connectionName": "shared_commondataserviceforapps",
              "operationId": "ListRecords",
              "apiId": "/providers/Microsoft.PowerApps/apis/shared_commondataserviceforapps"
            },
            "parameters": {
              "entityName": "andy_powerplatformprojectses",
              "fetchXml": "<fetch top=\"1\">\n  <entity name=\"andy_powerplatformprojects\">\n    <filter>\n      <condition attribute=\"andy_powerplatformprojectsid\" operator=\"eq\" value=\"c51a8c26-4d12-ef11-9f89-0022482870b9\"/>\n    </filter>\n    <link-entity name=\"msdyn_flow_approval\" from=\"msdyn_flow_approvalid\" to=\"andy_teamleadapproval\">\n      <link-entity name=\"msdyn_flow_approvalresponse\" from=\"msdyn_flow_approvalresponse_approval\" to=\"msdyn_flow_approvalid\">\n        <attribute name=\"modifiedby\" />\n        <attribute name=\"msdyn_flow_approvalresponse_response\" />\n        <attribute name=\"ownerid\" />\n      </link-entity>\n    </link-entity>\n  </entity>\n</fetch>"
            },
            "authentication": {
              "type": "Raw",
              "value": "@json(decodeBase64(triggerOutputs().headers['X-MS-APIM-Tokens']))['$ConnectionKey']"
            }
          }
        },
        "Compose": {
          "runAfter": {
            "List_rows": [
              "Succeeded"
            ]
          },
          "metadata": {
            "operationMetadataId": "797a855d-7625-4308-8449-3cabe92c9307"
          },
          "type": "Compose",
          "inputs": "@outputs('List_rows')?['body/value']?[0]"
        },
        "Parse_JSON": {
          "runAfter": {
            "Compose": [
              "Succeeded"
            ]
          },
          "metadata": {
            "operationMetadataId": "655ae589-33b3-4524-b7a0-980103814c5e"
          },
          "type": "ParseJson",
          "inputs": {
            "content": "@outputs('Compose')",
            "schema": {
              "type": "object",
              "properties": {
                "@@odata.type": {
                  "type": "string"
                },
                "@@odata.id": {
                  "type": "string"
                },
                "@@odata.etag": {
                  "type": "string"
                },
                "@@odata.editLink": {
                  "type": "string"
                },
                "andy_powerplatformprojectsid@odata.type": {
                  "type": "string"
                },
                "andy_powerplatformprojectsid": {
                  "type": "string"
                },
                "msdyn_flow_approvalresponse2.msdyn_flow_approvalresponse_response@OData.Community.Display.V1.AttributeName": {
                  "type": "string"
                },
                "msdyn_flow_approvalresponse2.msdyn_flow_approvalresponse_response": {
                  "type": "string"
                },
                "msdyn_flow_approvalresponse2.ownerid@OData.Community.Display.V1.AttributeName": {
                  "type": "string"
                },
                "msdyn_flow_approvalresponse2.ownerid@OData.Community.Display.V1.FormattedValue": {
                  "type": "string"
                },
                "msdyn_flow_approvalresponse2.ownerid@Microsoft.Dynamics.CRM.lookuplogicalname": {
                  "type": "string"
                },
                "msdyn_flow_approvalresponse2.ownerid@odata.type": {
                  "type": "string"
                },
                "msdyn_flow_approvalresponse2.ownerid": {
                  "type": "string"
                },
                "msdyn_flow_approvalresponse2.modifiedby@OData.Community.Display.V1.AttributeName": {
                  "type": "string"
                },
                "msdyn_flow_approvalresponse2.modifiedby@OData.Community.Display.V1.FormattedValue": {
                  "type": "string"
                },
                "msdyn_flow_approvalresponse2.modifiedby@Microsoft.Dynamics.CRM.lookuplogicalname": {
                  "type": "string"
                },
                "msdyn_flow_approvalresponse2.modifiedby@odata.type": {
                  "type": "string"
                },
                "msdyn_flow_approvalresponse2.modifiedby": {
                  "type": "string"
                }
              }
            }
          }
        },
        "Compose_2": {
          "runAfter": {
            "Parse_JSON": [
              "Succeeded"
            ]
          },
          "metadata": {
            "operationMetadataId": "d30d8248-f3ce-43f6-8376-7cef8e4fde46"
          },
          "type": "Compose",
          "inputs": "@body('Parse_JSON')?['msdyn_flow_approvalresponse2.ownerid@OData.Community.Display.V1.FormattedValue']"
        }
      },
      "outputs": {}
    },
    "templateName": ""
  },
  "schemaVersion": "1.0.0.0"
}